run_id,time_s,frame_id,detected,ex,ey,area_ratio,state,command,command_unit
20261007_122452_A_2,0.0000,0,1,0.4679,-0.5630,0.00494,TRACKING,-0.007019,rad (Δpan per frame)
20261007_122452_A_2,0.0300,1,1,0.4684,-0.5652,0.00507,TRACKING,-0.007026,rad (Δpan per frame)
20261007_122452_A_2,0.0628,2,1,0.4632,-0.5665,0.00503,TRACKING,-0.006948,rad (Δpan per frame)
20261007_122452_A_2,0.0959,3,1,0.4545,-0.5676,0.00510,TRACKING,-0.006817,rad (Δpan per frame)
20261007_122452_A_2,0.1295,4,1,0.4428,-0.5690,0.00498,TRACKING,-0.006642,rad (Δpan per frame)
20261007_122452_A_2,0.1626,5,1,0.4318,-0.5691,0.00500,TRACKING,-0.006477,rad (Δpan per frame)
20261007_122452_A_2,0.1962,6,1,0.4218,-0.5682,0.00506,TRACKING,-0.006328,rad (Δpan per frame)
20261007_122452_A_2,0.2297,7,1,0.4119,-0.5695,0.00495,TRACKING,-0.006178,rad (Δpan per frame)
20261007_122452_A_2,0.2628,8,1,0.4044,-0.5676,0.00502,TRACKING,-0.006067,rad (Δpan per frame)
20261007_122452_A_2,0.2959,9,1,0.3928,-0.5761,0.00464,TRACKING,-0.005892,rad (Δpan per frame)
20261007_122452_A_2,0.3289,10,1,0.3802,-0.5690,0.00490,TRACKING,-0.005703,rad (Δpan per frame)
20261007_122452_A_2,0.3623,11,1,0.3710,-0.5734,0.00454,TRACKING,-0.005564,rad (Δpan per frame)
20261007_122452_A_2,0.3956,12,1,0.3619,-0.5708,0.00483,TRACKING,-0.005429,rad (Δpan per frame)
20261007_122452_A_2,0.4296,13,1,0.3520,-0.5722,0.00460,TRACKING,-0.005280,rad (Δpan per frame)
20261007_122452_A_2,0.4630,14,1,0.3400,-0.5736,0.00489,TRACKING,-0.005099,rad (Δpan per frame)
20261007_122452_A_2,0.4963,15,1,0.3382,-0.5750,0.00467,TRACKING,-0.005073,rad (Δpan per frame)
20261007_122452_A_2,0.5297,16,1,0.3291,-0.5730,0.00478,TRACKING,-0.004936,rad (Δpan per frame)
20261007_122452_A_2,0.5629,17,1,0.3207,-0.5735,0.00462,TRACKING,-0.004810,rad (Δpan per frame)
20261007_122452_A_2,0.5965,18,1,0.3116,-0.5726,0.00477,TRACKING,-0.004673,rad (Δpan per frame)
20261007_122452_A_2,0.6298,19,1,0.3037,-0.5740,0.00475,TRACKING,-0.004555,rad (Δpan per frame)
20261007_122452_A_2,0.6632,20,1,0.2973,-0.5725,0.00460,TRACKING,-0.004459,rad (Δpan per frame)
20261007_122452_A_2,0.6965,21,1,0.2900,-0.5744,0.00472,TRACKING,-0.004350,rad (Δpan per frame)
20261007_122452_A_2,0.7298,22,1,0.2820,-0.5720,0.00474,TRACKING,-0.004229,rad (Δpan per frame)
20261007_122452_A_2,0.7632,23,1,0.2746,-0.5735,0.00474,TRACKING,-0.004119,rad (Δpan per frame)
20261007_122452_A_2,0.7965,24,1,0.2684,-0.5721,0.00469,TRACKING,-0.004026,rad (Δpan per frame)
20261007_122452_A_2,0.8298,25,1,0.2627,-0.5721,0.00465,TRACKING,-0.003940,rad (Δpan per frame)
20261007_122452_A_2,0.8632,26,1,0.2554,-0.5742,0.00467,TRACKING,-0.003831,rad (Δpan per frame)
20261007_122452_A_2,0.8963,27,1,0.2496,-0.5740,0.00465,TRACKING,-0.003744,rad (Δpan per frame)
20261007_122452_A_2,0.9300,28,1,0.2443,-0.5726,0.00469,TRACKING,-0.003664,rad (Δpan per frame)
20261007_122452_A_2,0.9632,29,1,0.2379,-0.5741,0.00472,TRACKING,-0.003569,rad (Δpan per frame)
20261007_122452_A_2,0.9966,30,1,0.2321,-0.5719,0.00483,TRACKING,-0.003482,rad (Δpan per frame)
20261007_122452_A_2,1.0300,31,1,0.2253,-0.5702,0.00473,TRACKING,-0.003379,rad (Δpan per frame)
20261007_122452_A_2,1.0633,32,1,0.2206,-0.5731,0.00468,TRACKING,-0.003309,rad (Δpan per frame)
20261007_122452_A_2,1.0966,33,1,0.2153,-0.5700,0.00464,TRACKING,-0.003230,rad (Δpan per frame)
20261007_122452_A_2,1.1301,34,1,0.2113,-0.5723,0.00477,TRACKING,-0.003170,rad (Δpan per frame)
20261007_122452_A_2,1.1639,35,1,0.2053,-0.5717,0.00466,TRACKING,-0.003080,rad (Δpan per frame)
20261007_122452_A_2,1.1963,36,1,0.2001,-0.5728,0.00466,TRACKING,-0.003002,rad (Δpan per frame)
20261007_122452_A_2,1.2298,37,1,0.1957,-0.5695,0.00457,TRACKING,-0.002936,rad (Δpan per frame)
20261007_122452_A_2,1.2637,38,1,0.1890,-0.5685,0.00449,TRACKING,-0.002835,rad (Δpan per frame)
20261007_122452_A_2,1.2971,39,1,0.1859,-0.5677,0.00471,TRACKING,-0.002789,rad (Δpan per frame)
20261007_122452_A_2,1.3303,40,1,0.1810,-0.5709,0.00426,TRACKING,-0.002716,rad (Δpan per frame)
20261007_122452_A_2,1.3639,41,1,0.1783,-0.5680,0.00461,TRACKING,-0.002675,rad (Δpan per frame)
20261007_122452_A_2,1.3971,42,1,0.1741,-0.5693,0.00468,TRACKING,-0.002612,rad (Δpan per frame)
20261007_122452_A_2,1.4295,43,1,0.1696,-0.5722,0.00424,TRACKING,-0.002544,rad (Δpan per frame)
20261007_122452_A_2,1.4639,44,1,0.1667,-0.5696,0.00469,TRACKING,-0.002500,rad (Δpan per frame)
20261007_122452_A_2,1.4971,45,1,0.1621,-0.5679,0.00454,TRACKING,-0.002432,rad (Δpan per frame)
20261007_122452_A_2,1.5306,46,1,0.1575,-0.5670,0.00469,TRACKING,-0.002363,rad (Δpan per frame)
20261007_122452_A_2,1.5639,47,1,0.1522,-0.5680,0.00464,TRACKING,-0.002283,rad (Δpan per frame)
20261007_122452_A_2,1.5970,48,1,0.1493,-0.5668,0.00458,TRACKING,-0.002240,rad (Δpan per frame)
20261007_122452_A_2,1.6305,49,1,0.1448,-0.5719,0.00423,TRACKING,-0.002172,rad (Δpan per frame)
20261007_122452_A_2,1.6640,50,1,0.1413,-0.5668,0.00443,TRACKING,-0.002120,rad (Δpan per frame)
20261007_122452_A_2,1.6971,51,1,0.1379,-0.5674,0.00459,TRACKING,-0.002068,rad (Δpan per frame)
20261007_122452_A_2,1.7307,52,1,0.1328,-0.5644,0.00422,TRACKING,-0.001993,rad (Δpan per frame)
20261007_122452_A_2,1.7640,53,1,0.1310,-0.5664,0.00460,TRACKING,-0.001964,rad (Δpan per frame)
20261007_122452_A_2,1.7974,54,1,0.1282,-0.5648,0.00448,TRACKING,-0.001923,rad (Δpan per frame)
20261007_122452_A_2,1.8307,55,1,0.1262,-0.5670,0.00462,TRACKING,-0.001893,rad (Δpan per frame)
20261007_122452_A_2,1.8642,56,1,0.1218,-0.5666,0.00439,TRACKING,-0.001827,rad (Δpan per frame)
20261007_122452_A_2,1.8974,57,1,0.1193,-0.5677,0.00442,TRACKING,-0.001790,rad (Δpan per frame)
20261007_122452_A_2,1.9308,58,1,0.1169,-0.5668,0.00439,TRACKING,-0.001753,rad (Δpan per frame)
20261007_122452_A_2,1.9641,59,1,0.1133,-0.5650,0.00433,TRACKING,-0.001699,rad (Δpan per frame)
20261007_122452_A_2,1.9973,60,1,0.1125,-0.5686,0.00432,TRACKING,-0.001687,rad (Δpan per frame)
20261007_122452_A_2,2.0309,61,1,0.1083,-0.5671,0.00444,TRACKING,-0.001624,rad (Δpan per frame)
20261007_122452_A_2,2.0640,62,1,0.1046,-0.5667,0.00439,TRACKING,-0.001569,rad (Δpan per frame)
20261007_122452_A_2,2.0974,63,1,0.1030,-0.5682,0.00433,TRACKING,-0.001545,rad (Δpan per frame)
20261007_122452_A_2,2.1313,64,1,0.1015,-0.5678,0.00453,TRACKING,-0.001523,rad (Δpan per frame)
20261007_122452_A_2,2.1645,65,1,0.0985,-0.5660,0.00442,TRACKING,-0.001478,rad (Δpan per frame)
20261007_122452_A_2,2.1979,66,1,0.0958,-0.5645,0.00455,TRACKING,-0.001437,rad (Δpan per frame)
20261007_122452_A_2,2.2314,67,1,0.0938,-0.5671,0.00445,TRACKING,-0.001407,rad (Δpan per frame)
20261007_122452_A_2,2.2647,68,1,0.0914,-0.5671,0.00479,TRACKING,-0.001371,rad (Δpan per frame)
20261007_122452_A_2,2.2983,69,1,0.0903,-0.5680,0.00462,TRACKING,-0.001355,rad (Δpan per frame)
20261007_122452_A_2,2.3316,70,1,0.0899,-0.5680,0.00456,TRACKING,-0.001348,rad (Δpan per frame)
20261007_122452_A_2,2.3648,71,1,0.0866,-0.5648,0.00454,TRACKING,-0.001299,rad (Δpan per frame)
20261007_122452_A_2,2.3980,72,1,0.0843,-0.5659,0.00442,TRACKING,-0.001265,rad (Δpan per frame)
20261007_122452_A_2,2.4316,73,1,0.0836,-0.5657,0.00455,TRACKING,-0.001254,rad (Δpan per frame)
20261007_122452_A_2,2.4647,74,1,0.0808,-0.5663,0.00462,TRACKING,-0.001212,rad (Δpan per frame)
20261007_122452_A_2,2.4983,75,1,0.0767,-0.5673,0.00457,TRACKING,-0.001150,rad (Δpan per frame)
20261007_122452_A_2,2.5307,76,1,0.0766,-0.5672,0.00463,TRACKING,-0.001150,rad (Δpan per frame)
20261007_122452_A_2,2.5648,77,1,0.0748,-0.5662,0.00441,TRACKING,-0.001122,rad (Δpan per frame)
20261007_122452_A_2,2.5981,78,1,0.0730,-0.5674,0.00480,TRACKING,-0.001095,rad (Δpan per frame)
20261007_122452_A_2,2.6314,79,1,0.0721,-0.5688,0.00464,TRACKING,-0.001081,rad (Δpan per frame)
20261007_122452_A_2,2.6650,80,1,0.0716,-0.5677,0.00459,TRACKING,-0.001074,rad (Δpan per frame)
20261007_122452_A_2,2.6983,81,1,0.0691,-0.5681,0.00435,TRACKING,-0.001036,rad (Δpan per frame)
20261007_122452_A_2,2.7316,82,1,0.0659,-0.5672,0.00451,TRACKING,-0.000988,rad (Δpan per frame)
20261007_122452_A_2,2.7651,83,1,0.0657,-0.5677,0.00447,TRACKING,-0.000986,rad (Δpan per frame)
20261007_122452_A_2,2.7984,84,1,0.0647,-0.5659,0.00447,TRACKING,-0.000971,rad (Δpan per frame)
20261007_122452_A_2,2.8316,85,1,0.0620,-0.5672,0.00460,TRACKING,-0.000930,rad (Δpan per frame)
20261007_122452_A_2,2.8649,86,1,0.0612,-0.5655,0.00446,TRACKING,-0.000918,rad (Δpan per frame)
20261007_122452_A_2,2.8983,87,1,0.0596,-0.5656,0.00427,TRACKING,-0.000894,rad (Δpan per frame)
20261007_122452_A_2,2.9318,88,1,0.0564,-0.5680,0.00444,TRACKING,-0.000846,rad (Δpan per frame)
20261007_122452_A_2,2.9649,89,1,0.0560,-0.5663,0.00441,TRACKING,-0.000840,rad (Δpan per frame)
20261007_122452_A_2,2.9984,90,1,0.0561,-0.5683,0.00442,TRACKING,-0.000842,rad (Δpan per frame)
20261007_122452_A_2,3.0317,91,1,0.0558,-0.5694,0.00448,TRACKING,-0.000838,rad (Δpan per frame)
20261007_122452_A_2,3.0649,92,1,0.0530,-0.5669,0.00468,TRACKING,-0.000795,rad (Δpan per frame)
20261007_122452_A_2,3.0984,93,1,0.0527,-0.5651,0.00464,TRACKING,-0.000791,rad (Δpan per frame)
20261007_122452_A_2,3.1308,94,1,0.0509,-0.5654,0.00438,TRACKING,-0.000764,rad (Δpan per frame)
20261007_122452_A_2,3.1643,95,1,0.0506,-0.5667,0.00434,TRACKING,-0.000758,rad (Δpan per frame)
20261007_122452_A_2,3.1984,96,1,0.0467,-0.5652,0.00445,TRACKING,0.000000,rad (Δpan per frame)
20261007_122452_A_2,3.2318,97,1,0.0472,-0.5659,0.00454,TRACKING,0.000000,rad (Δpan per frame)
20261007_122452_A_2,3.2652,98,1,0.0469,-0.5674,0.00445,TRACKING,0.000000,rad (Δpan per frame)
20261007_122452_A_2,3.2986,99,1,0.0467,-0.5663,0.00441,TRACKING,0.000000,rad (Δpan per frame)
20261007_122452_A_2,3.3318,100,1,0.0468,-0.5655,0.00444,TRACKING,0.000000,rad (Δpan per frame)
20261007_122452_A_2,3.3651,101,1,0.0472,-0.5698,0.00442,TRACKING,0.000000,rad (Δpan per frame)
20261007_122452_A_2,3.3986,102,1,0.0469,-0.5671,0.00445,TRACKING,0.000000,rad (Δpan per frame)
20261007_122452_A_2,3.4319,103,1,0.0464,-0.5647,0.00439,TRACKING,0.000000,rad (Δpan per frame)
20261007_122452_A_2,3.4653,104,1,0.0466,-0.5682,0.00444,TRACKING,0.000000,rad (Δpan per frame)
20261007_122452_A_2,3.4986,105,1,0.0469,-0.5663,0.00448,TRACKING,0.000000,rad (Δpan per frame)
20261007_122452_A_2,3.5319,106,1,0.0468,-0.5661,0.00448,TRACKING,0.000000,rad (Δpan per frame)
20261007_122452_A_2,3.5653,107,1,0.0469,-0.5664,0.00449,TRACKING,0.000000,rad (Δpan per frame)
20261007_122452_A_2,3.5988,108,1,0.0471,-0.5652,0.00451,TRACKING,0.000000,rad (Δpan per frame)
20261007_122452_A_2,3.6320,109,1,0.0468,-0.5678,0.00447,TRACKING,0.000000,rad (Δpan per frame)
20261007_122452_A_2,3.6654,110,1,0.0468,-0.5667,0.00450,TRACKING,0.000000,rad (Δpan per frame)
20261007_122452_A_2,3.6987,111,1,0.0473,-0.5659,0.00452,TRACKING,0.000000,rad (Δpan per frame)
20261007_122452_A_2,3.7320,112,1,0.0470,-0.5667,0.00448,TRACKING,0.000000,rad (Δpan per frame)
20261007_122452_A_2,3.7655,113,1,0.0467,-0.5649,0.00447,TRACKING,0.000000,rad (Δpan per frame)
20261007_122452_A_2,3.7989,114,1,0.0470,-0.5666,0.00449,TRACKING,0.000000,rad (Δpan per frame)
20261007_122452_A_2,3.8320,115,1,0.0469,-0.5657,0.00448,TRACKING,0.000000,rad (Δpan per frame)
20261007_122452_A_2,3.8655,116,1,0.0468,-0.5669,0.00445,TRACKING,0.000000,rad (Δpan per frame)
20261007_122452_A_2,3.8989,117,1,0.0466,-0.5670,0.00447,TRACKING,0.000000,rad (Δpan per frame)
20261007_122452_A_2,3.9323,118,1,0.0471,-0.5678,0.00451,TRACKING,0.000000,rad (Δpan per frame)
20261007_122452_A_2,3.9656,119,1,0.0470,-0.5672,0.00451,TRACKING,0.000000,rad (Δpan per frame)
20261007_122452_A_2,3.9989,120,1,0.0468,-0.5669,0.00445,TRACKING,0.000000,rad (Δpan per frame)
20261007_122452_A_2,4.0322,121,1,0.0466,-0.5674,0.00442,TRACKING,0.000000,rad (Δpan per frame)
20261007_122452_A_2,4.0658,122,1,0.0468,-0.5668,0.00450,TRACKING,0.000000,rad (Δpan per frame)
20261007_122452_A_2,4.0990,123,1,0.0468,-0.5664,0.00449,TRACKING,0.000000,rad (Δpan per frame)
20261007_122452_A_2,4.1322,124,1,0.0468,-0.5667,0.00450,TRACKING,0.000000,rad (Δpan per frame)
20261007_122452_A_2,4.1655,125,1,0.0470,-0.5676,0.00449,TRACKING,0.000000,rad (Δpan per frame)
20261007_122452_A_2,4.1990,126,1,0.0469,-0.5674,0.00446,TRACKING,0.000000,rad (Δpan per frame)
20261007_122452_A_2,4.2322,127,1,0.0468,-0.5661,0.00448,TRACKING,0.000000,rad (Δpan per frame)
20261007_122452_A_2,4.2657,128,1,0.0466,-0.5667,0.00446,TRACKING,0.000000,rad (Δpan per frame)
20261007_122452_A_2,4.2990,129,1,0.0470,-0.5669,0.00450,TRACKING,0.000000,rad (Δpan per frame)
20261007_122452_A_2,4.3324,130,1,0.0469,-0.5664,0.00447,TRACKING,0.000000,rad (Δpan per frame)
20261007_122452_A_2,4.3658,131,1,0.0468,-0.5671,0.00447,TRACKING,0.000000,rad (Δpan per frame)
20261007_122452_A_2,4.3990,132,1,0.0468,-0.5667,0.00450,TRACKING,0.000000,rad (Δpan per frame)
20261007_122452_A_2,4.4323,133,1,0.0468,-0.5678,0.00451,TRACKING,0.000000,rad (Δpan per frame)
20261007_122452_A_2,4.4658,134,1,0.0471,-0.5661,0.00454,TRACKING,0.000000,rad (Δpan per frame)
20261007_122452_A_2,4.4990,135,1,0.0469,-0.5677,0.00447,TRACKING,0.000000,rad (Δpan per frame)
20261007_122452_A_2,4.5324,136,1,0.0470,-0.5675,0.00452,TRACKING,0.000000,rad (Δpan per frame)
20261007_122452_A_2,4.5657,137,1,0.0472,-0.5662,0.00455,TRACKING,0.000000,rad (Δpan per frame)
20261007_122452_A_2,4.5993,138,1,0.0469,-0.5663,0.00449,TRACKING,0.000000,rad (Δpan per frame)
20261007_122452_A_2,4.6327,139,1,0.0469,-0.5674,0.00448,TRACKING,0.000000,rad (Δpan per frame)
20261007_122452_A_2,4.6659,140,1,0.0470,-0.5667,0.00448,TRACKING,0.000000,rad (Δpan per frame)
20261007_122452_A_2,4.6992,141,1,0.0468,-0.5660,0.00445,TRACKING,0.000000,rad (Δpan per frame)
20261007_122452_A_2,4.7326,142,1,0.0470,-0.5645,0.00446,TRACKING,0.000000,rad (Δpan per frame)
20261007_122452_A_2,4.7659,143,1,0.0470,-0.5673,0.00446,TRACKING,0.000000,rad (Δpan per frame)
20261007_122452_A_2,4.7993,144,1,0.0468,-0.5672,0.00448,TRACKING,0.000000,rad (Δpan per frame)
20261007_122452_A_2,4.8326,145,1,0.0471,-0.5663,0.00452,TRACKING,0.000000,rad (Δpan per frame)
20261007_122452_A_2,4.8658,146,1,0.0469,-0.5674,0.00446,TRACKING,0.000000,rad (Δpan per frame)
20261007_122452_A_2,4.8994,147,1,0.0468,-0.5678,0.00451,TRACKING,0.000000,rad (Δpan per frame)
20261007_122452_A_2,4.9327,148,1,0.0469,-0.5674,0.00448,TRACKING,0.000000,rad (Δpan per frame)
20261007_122452_A_2,4.9662,149,1,0.0471,-0.5655,0.00452,TRACKING,0.000000,rad (Δpan per frame)
20261007_122452_A_2,4.9994,150,1,0.0469,-0.5677,0.00449,TRACKING,0.000000,rad (Δpan per frame)
20261007_122452_A_2,5.0329,151,1,0.0470,-0.5656,0.00450,TRACKING,0.000000,rad (Δpan per frame)
20261007_122452_A_2,5.0662,152,1,0.0470,-0.5673,0.00453,TRACKING,0.000000,rad (Δpan per frame)
20261007_122452_A_2,5.0996,153,1,0.0472,-0.5659,0.00454,TRACKING,0.000000,rad (Δpan per frame)
20261007_122452_A_2,5.1330,154,1,0.0471,-0.5656,0.00449,TRACKING,0.000000,rad (Δpan per frame)
20261007_122452_A_2,5.1664,155,1,0.0472,-0.5672,0.00453,TRACKING,0.000000,rad (Δpan per frame)
20261007_122452_A_2,5.1996,156,1,0.0469,-0.5673,0.00446,TRACKING,0.000000,rad (Δpan per frame)
20261007_122452_A_2,5.2331,157,1,0.0470,-0.5672,0.00447,TRACKING,0.000000,rad (Δpan per frame)
20261007_122452_A_2,5.2663,158,1,0.0471,-0.5675,0.00450,TRACKING,0.000000,rad (Δpan per frame)
20261007_122452_A_2,5.2997,159,1,0.0469,-0.5680,0.00448,TRACKING,0.000000,rad (Δpan per frame)
20261007_122452_A_2,5.3332,160,1,0.0470,-0.5673,0.00451,TRACKING,0.000000,rad (Δpan per frame)
20261007_122452_A_2,5.3664,161,1,0.0468,-0.5675,0.00447,TRACKING,0.000000,rad (Δpan per frame)
20261007_122452_A_2,5.4001,162,1,0.0469,-0.5683,0.00451,TRACKING,0.000000,rad (Δpan per frame)
20261007_122452_A_2,5.4333,163,1,0.0469,-0.5664,0.00449,TRACKING,0.000000,rad (Δpan per frame)
20261007_122452_A_2,5.4667,164,1,0.0471,-0.5657,0.00450,TRACKING,0.000000,rad (Δpan per frame)
20261007_122452_A_2,5.5000,165,1,0.0468,-0.5681,0.00447,TRACKING,0.000000,rad (Δpan per frame)
20261007_122452_A_2,5.5333,166,1,0.0472,-0.5664,0.00449,TRACKING,0.000000,rad (Δpan per frame)
20261007_122452_A_2,5.5667,167,1,0.0467,-0.5652,0.00445,TRACKING,0.000000,rad (Δpan per frame)
20261007_122452_A_2,5.6001,168,1,0.0472,-0.5665,0.00455,TRACKING,0.000000,rad (Δpan per frame)
20261007_122452_A_2,5.6333,169,1,0.0468,-0.5670,0.00451,TRACKING,0.000000,rad (Δpan per frame)
20261007_122452_A_2,5.6668,170,1,0.0471,-0.5658,0.00453,TRACKING,0.000000,rad (Δpan per frame)
20261007_122452_A_2,5.7000,171,1,0.0471,-0.5655,0.00452,TRACKING,0.000000,rad (Δpan per frame)
20261007_122452_A_2,5.7334,172,1,0.0469,-0.5680,0.00448,TRACKING,0.000000,rad (Δpan per frame)
20261007_122452_A_2,5.7667,173,1,0.0469,-0.5664,0.00449,TRACKING,0.000000,rad (Δpan per frame)
20261007_122452_A_2,5.8001,174,1,0.0470,-0.5672,0.00449,TRACKING,0.000000,rad (Δpan per frame)
20261007_122452_A_2,5.8333,175,1,0.0473,-0.5662,0.00451,TRACKING,0.000000,rad (Δpan per frame)
20261007_122452_A_2,5.8668,176,1,0.0469,-0.5667,0.00450,TRACKING,0.000000,rad (Δpan per frame)
20261007_122452_A_2,5.9003,177,1,0.0468,-0.5661,0.00448,TRACKING,0.000000,rad (Δpan per frame)
20261007_122452_A_2,5.9336,178,1,0.0468,-0.5675,0.00449,TRACKING,0.000000,rad (Δpan per frame)
20261007_122452_A_2,5.9669,179,1,0.0470,-0.5673,0.00450,TRACKING,0.000000,rad (Δpan per frame)
20261007_122452_A_2,6.0003,180,1,0.0471,-0.5656,0.00453,TRACKING,0.000000,rad (Δpan per frame)
20261007_122452_A_2,6.0337,181,1,0.0470,-0.5643,0.00448,TRACKING,0.000000,rad (Δpan per frame)
20261007_122452_A_2,6.0669,182,1,0.0470,-0.5669,0.00447,TRACKING,0.000000,rad (Δpan per frame)
20261007_122452_A_2,6.1003,183,1,0.0469,-0.5663,0.00446,TRACKING,0.000000,rad (Δpan per frame)
20261007_122452_A_2,6.1338,184,1,0.0471,-0.5658,0.00451,TRACKING,0.000000,rad (Δpan per frame)
20261007_122452_A_2,6.1671,185,1,0.0468,-0.5669,0.00448,TRACKING,0.000000,rad (Δpan per frame)
20261007_122452_A_2,6.2005,186,1,0.0471,-0.5650,0.00451,TRACKING,0.000000,rad (Δpan per frame)
20261007_122452_A_2,6.2337,187,1,0.0469,-0.5667,0.00448,TRACKING,0.000000,rad (Δpan per frame)
20261007_122452_A_2,6.2671,188,1,0.0472,-0.5661,0.00452,TRACKING,0.000000,rad (Δpan per frame)
20261007_122452_A_2,6.3005,189,1,0.0470,-0.5663,0.00446,TRACKING,0.000000,rad (Δpan per frame)
20261007_122452_A_2,6.3339,190,1,0.0469,-0.5669,0.00450,TRACKING,0.000000,rad (Δpan per frame)
20261007_122452_A_2,6.3672,191,1,0.0472,-0.5655,0.00450,TRACKING,0.000000,rad (Δpan per frame)
20261007_122452_A_2,6.4006,192,1,0.0470,-0.5665,0.00449,TRACKING,0.000000,rad (Δpan per frame)
20261007_122452_A_2,6.4340,193,1,0.0466,-0.5657,0.00443,TRACKING,0.000000,rad (Δpan per frame)
20261007_122452_A_2,6.4674,194,1,0.0471,-0.5658,0.00453,TRACKING,0.000000,rad (Δpan per frame)
20261007_122452_A_2,6.5007,195,1,0.0468,-0.5675,0.00447,TRACKING,0.000000,rad (Δpan per frame)
20261007_122452_A_2,6.5340,196,1,0.0469,-0.5667,0.00450,TRACKING,0.000000,rad (Δpan per frame)
20261007_122452_A_2,6.5675,197,1,0.0471,-0.5672,0.00449,TRACKING,0.000000,rad (Δpan per frame)
20261007_122452_A_2,6.6007,198,1,0.0468,-0.5655,0.00444,TRACKING,0.000000,rad (Δpan per frame)
20261007_122452_A_2,6.6341,199,1,0.0473,-0.5665,0.00454,TRACKING,0.000000,rad (Δpan per frame)
20261007_122452_A_2,6.6677,200,1,0.0467,-0.5657,0.00446,TRACKING,0.000000,rad (Δpan per frame)
20261007_122452_A_2,6.7008,201,1,0.0469,-0.5674,0.00448,TRACKING,0.000000,rad (Δpan per frame)
20261007_122452_A_2,6.7340,202,1,0.0469,-0.5664,0.00447,TRACKING,0.000000,rad (Δpan per frame)
20261007_122452_A_2,6.7676,203,1,0.0471,-0.5675,0.00450,TRACKING,0.000000,rad (Δpan per frame)
20261007_122452_A_2,6.8008,204,1,0.0469,-0.5680,0.00448,TRACKING,0.000000,rad (Δpan per frame)
20261007_122452_A_2,6.8341,205,1,0.0469,-0.5667,0.00448,TRACKING,0.000000,rad (Δpan per frame)
20261007_122452_A_2,6.8677,206,1,0.0471,-0.5658,0.00449,TRACKING,0.000000,rad (Δpan per frame)
20261007_122452_A_2,6.9008,207,1,0.0469,-0.5661,0.00442,TRACKING,0.000000,rad (Δpan per frame)
20261007_122452_A_2,6.9342,208,1,0.0471,-0.5675,0.00452,TRACKING,0.000000,rad (Δpan per frame)
20261007_122452_A_2,6.9676,209,1,0.0466,-0.5671,0.00442,TRACKING,0.000000,rad (Δpan per frame)
20261007_122452_A_2,7.0009,210,1,0.0470,-0.5645,0.00447,TRACKING,0.000000,rad (Δpan per frame)
20261007_122452_A_2,7.0344,211,1,0.0472,-0.5678,0.00447,TRACKING,0.000000,rad (Δpan per frame)
20261007_122452_A_2,7.0677,212,1,0.0468,-0.5661,0.00448,TRACKING,0.000000,rad (Δpan per frame)
20261007_122452_A_2,7.1010,213,1,0.0469,-0.5670,0.00449,TRACKING,0.000000,rad (Δpan per frame)
20261007_122452_A_2,7.1345,214,1,0.0471,-0.5667,0.00450,TRACKING,0.000000,rad (Δpan per frame)
20261007_122452_A_2,7.1679,215,1,0.0471,-0.5675,0.00450,TRACKING,0.000000,rad (Δpan per frame)
20261007_122452_A_2,7.2012,216,1,0.0469,-0.5674,0.00440,TRACKING,0.000000,rad (Δpan per frame)
20261007_122452_A_2,7.2346,217,1,0.0472,-0.5653,0.00450,TRACKING,0.000000,rad (Δpan per frame)
20261007_122452_A_2,7.2680,218,1,0.0469,-0.5674,0.00448,TRACKING,0.000000,rad (Δpan per frame)
20261007_122452_A_2,7.3012,219,1,0.0472,-0.5661,0.00455,TRACKING,0.000000,rad (Δpan per frame)
20261007_122452_A_2,7.3346,220,1,0.0469,-0.5666,0.00449,TRACKING,0.000000,rad (Δpan per frame)
20261007_122452_A_2,7.3673,221,1,0.0467,-0.5652,0.00445,TRACKING,0.000000,rad (Δpan per frame)
20261007_122452_A_2,7.4015,222,1,0.0467,-0.5667,0.00446,TRACKING,0.000000,rad (Δpan per frame)
20261007_122452_A_2,7.4347,223,1,0.0468,-0.5664,0.00449,TRACKING,0.000000,rad (Δpan per frame)
20261007_122452_A_2,7.4681,224,1,0.0469,-0.5664,0.00449,TRACKING,0.000000,rad (Δpan per frame)
20261007_122452_A_2,7.5014,225,1,0.0466,-0.5656,0.00443,TRACKING,0.000000,rad (Δpan per frame)
20261007_122452_A_2,7.5349,226,1,0.0469,-0.5661,0.00448,TRACKING,0.000000,rad (Δpan per frame)
20261007_122452_A_2,7.5681,227,1,0.0470,-0.5669,0.00450,TRACKING,0.000000,rad (Δpan per frame)
20261007_122452_A_2,7.6016,228,1,0.0469,-0.5641,0.00448,TRACKING,0.000000,rad (Δpan per frame)
20261007_122452_A_2,7.6348,229,1,0.0469,-0.5664,0.00449,TRACKING,0.000000,rad (Δpan per frame)
20261007_122452_A_2,7.6683,230,1,0.0470,-0.5675,0.00450,TRACKING,0.000000,rad (Δpan per frame)
20261007_122452_A_2,7.7015,231,1,0.0473,-0.5691,0.00444,TRACKING,0.000000,rad (Δpan per frame)
20261007_122452_A_2,7.7349,232,1,0.0470,-0.5668,0.00450,TRACKING,0.000000,rad (Δpan per frame)
20261007_122452_A_2,7.7682,233,1,0.0472,-0.5661,0.00452,TRACKING,0.000000,rad (Δpan per frame)
20261007_122452_A_2,7.8017,234,1,0.0468,-0.5657,0.00442,TRACKING,0.000000,rad (Δpan per frame)
20261007_122452_A_2,7.8350,235,1,0.0469,-0.5664,0.00447,TRACKING,0.000000,rad (Δpan per frame)
20261007_122452_A_2,7.8685,236,1,0.0471,-0.5666,0.00451,TRACKING,0.000000,rad (Δpan per frame)
20261007_122452_A_2,7.9017,237,1,0.0470,-0.5667,0.00446,TRACKING,0.000000,rad (Δpan per frame)
20261007_122452_A_2,7.9349,238,1,0.0465,-0.5662,0.00441,TRACKING,0.000000,rad (Δpan per frame)
20261007_122452_A_2,7.9683,239,1,0.0466,-0.5660,0.00442,TRACKING,0.000000,rad (Δpan per frame)
20261007_122452_A_2,8.0018,240,1,0.0469,-0.5673,0.00450,TRACKING,0.000000,rad (Δpan per frame)
20261007_122452_A_2,8.0350,241,1,0.0468,-0.5665,0.00445,TRACKING,0.000000,rad (Δpan per frame)
20261007_122452_A_2,8.0684,242,1,0.0468,-0.5678,0.00448,TRACKING,0.000000,rad (Δpan per frame)
20261007_122452_A_2,8.1018,243,1,0.0472,-0.5659,0.00454,TRACKING,0.000000,rad (Δpan per frame)
20261007_122452_A_2,8.1352,244,1,0.0469,-0.5664,0.00447,TRACKING,0.000000,rad (Δpan per frame)
20261007_122452_A_2,8.1686,245,1,0.0473,-0.5668,0.00455,TRACKING,0.000000,rad (Δpan per frame)
20261007_122452_A_2,8.2018,246,1,0.0471,-0.5655,0.00452,TRACKING,0.000000,rad (Δpan per frame)
20261007_122452_A_2,8.2352,247,1,0.0470,-0.5662,0.00452,TRACKING,0.000000,rad (Δpan per frame)
20261007_122452_A_2,8.2687,248,1,0.0470,-0.5670,0.00449,TRACKING,0.000000,rad (Δpan per frame)
20261007_122452_A_2,8.3020,249,1,0.0468,-0.5665,0.00449,TRACKING,0.000000,rad (Δpan per frame)
20261007_122452_A_2,8.3354,250,1,0.0468,-0.5677,0.00447,TRACKING,0.000000,rad (Δpan per frame)
20261007_122452_A_2,8.3687,251,1,0.0469,-0.5667,0.00448,TRACKING,0.000000,rad (Δpan per frame)
20261007_122452_A_2,8.4019,252,1,0.0468,-0.5669,0.00445,TRACKING,0.000000,rad (Δpan per frame)
20261007_122452_A_2,8.4355,253,1,0.0468,-0.5660,0.00447,TRACKING,0.000000,rad (Δpan per frame)
20261007_122452_A_2,8.4687,254,1,0.0466,-0.5648,0.00443,TRACKING,0.000000,rad (Δpan per frame)
20261007_122452_A_2,8.5021,255,1,0.0469,-0.5673,0.00450,TRACKING,0.000000,rad (Δpan per frame)
20261007_122452_A_2,8.5344,256,1,0.0467,-0.5652,0.00445,TRACKING,0.000000,rad (Δpan per frame)
20261007_122452_A_2,8.5688,257,1,0.0467,-0.5655,0.00446,TRACKING,0.000000,rad (Δpan per frame)
20261007_122452_A_2,8.6021,258,1,0.0468,-0.5681,0.00449,TRACKING,0.000000,rad (Δpan per frame)
20261007_122452_A_2,8.6355,259,1,0.0472,-0.5675,0.00450,TRACKING,0.000000,rad (Δpan per frame)
20261007_122452_A_2,8.6688,260,1,0.0469,-0.5660,0.00441,TRACKING,0.000000,rad (Δpan per frame)
20261007_122452_A_2,8.7021,261,1,0.0469,-0.5650,0.00446,TRACKING,0.000000,rad (Δpan per frame)
20261007_122452_A_2,8.7356,262,1,0.0471,-0.5658,0.00451,TRACKING,0.000000,rad (Δpan per frame)
20261007_122452_A_2,8.7688,263,1,0.0467,-0.5671,0.00441,TRACKING,0.000000,rad (Δpan per frame)
20261007_122452_A_2,8.8021,264,1,0.0469,-0.5670,0.00447,TRACKING,0.000000,rad (Δpan per frame)
20261007_122452_A_2,8.8357,265,1,0.0468,-0.5663,0.00448,TRACKING,0.000000,rad (Δpan per frame)
20261007_122452_A_2,8.8689,266,1,0.0470,-0.5670,0.00449,TRACKING,0.000000,rad (Δpan per frame)
20261007_122452_A_2,8.9022,267,1,0.0468,-0.5658,0.00447,TRACKING,0.000000,rad (Δpan per frame)
20261007_122452_A_2,8.9357,268,1,0.0467,-0.5645,0.00446,TRACKING,0.000000,rad (Δpan per frame)
20261007_122452_A_2,8.9690,269,1,0.0470,-0.5675,0.00452,TRACKING,0.000000,rad (Δpan per frame)
20261007_122452_A_2,9.0024,270,1,0.0468,-0.5642,0.00448,TRACKING,0.000000,rad (Δpan per frame)
20261007_122452_A_2,9.0356,271,1,0.0467,-0.5655,0.00444,TRACKING,0.000000,rad (Δpan per frame)
20261007_122452_A_2,9.0691,272,1,0.0467,-0.5660,0.00442,TRACKING,0.000000,rad (Δpan per frame)
20261007_122452_A_2,9.1025,273,1,0.0467,-0.5660,0.00442,TRACKING,0.000000,rad (Δpan per frame)
20261007_122452_A_2,9.1358,274,1,0.0470,-0.5667,0.00448,TRACKING,0.000000,rad (Δpan per frame)
20261007_122452_A_2,9.1690,275,1,0.0472,-0.5665,0.00455,TRACKING,0.000000,rad (Δpan per frame)
20261007_122452_A_2,9.2024,276,1,0.0470,-0.5672,0.00451,TRACKING,0.000000,rad (Δpan per frame)
20261007_122452_A_2,9.2358,277,1,0.0468,-0.5655,0.00444,TRACKING,0.000000,rad (Δpan per frame)
20261007_122452_A_2,9.2693,278,1,0.0466,-0.5665,0.00443,TRACKING,0.000000,rad (Δpan per frame)
20261007_122452_A_2,9.3027,279,1,0.0470,-0.5665,0.00447,TRACKING,0.000000,rad (Δpan per frame)
20261007_122452_A_2,9.3361,280,1,0.0469,-0.5641,0.00448,TRACKING,0.000000,rad (Δpan per frame)
20261007_122452_A_2,9.3695,281,1,0.0470,-0.5672,0.00451,TRACKING,0.000000,rad (Δpan per frame)
20261007_122452_A_2,9.4028,282,1,0.0471,-0.5658,0.00453,TRACKING,0.000000,rad (Δpan per frame)
20261007_122452_A_2,9.4360,283,1,0.0474,-0.5672,0.00448,TRACKING,0.000000,rad (Δpan per frame)
20261007_122452_A_2,9.4696,284,1,0.0471,-0.5658,0.00453,TRACKING,0.000000,rad (Δpan per frame)
20261007_122452_A_2,9.5028,285,1,0.0470,-0.5675,0.00450,TRACKING,0.000000,rad (Δpan per frame)
20261007_122452_A_2,9.5360,286,1,0.0469,-0.5666,0.00447,TRACKING,0.000000,rad (Δpan per frame)
20261007_122452_A_2,9.5696,287,1,0.0469,-0.5663,0.00448,TRACKING,0.000000,rad (Δpan per frame)
20261007_122452_A_2,9.6030,288,1,0.0470,-0.5666,0.00449,TRACKING,0.000000,rad (Δpan per frame)
20261007_122452_A_2,9.6362,289,1,0.0468,-0.5664,0.00449,TRACKING,0.000000,rad (Δpan per frame)
20261007_122452_A_2,9.6696,290,1,0.0470,-0.5646,0.00447,TRACKING,0.000000,rad (Δpan per frame)
20261007_122452_A_2,9.7030,291,1,0.0469,-0.5664,0.00447,TRACKING,0.000000,rad (Δpan per frame)
20261007_122452_A_2,9.7363,292,1,0.0466,-0.5656,0.00440,TRACKING,0.000000,rad (Δpan per frame)
20261007_122452_A_2,9.7697,293,1,0.0467,-0.5660,0.00442,TRACKING,0.000000,rad (Δpan per frame)
20261007_122452_A_2,9.8030,294,1,0.0470,-0.5675,0.00448,TRACKING,0.000000,rad (Δpan per frame)
20261007_122452_A_2,9.8365,295,1,0.0468,-0.5661,0.00446,TRACKING,0.000000,rad (Δpan per frame)
20261007_122452_A_2,9.8699,296,1,0.0468,-0.5657,0.00442,TRACKING,0.000000,rad (Δpan per frame)
20261007_122452_A_2,9.9032,297,1,0.0472,-0.5661,0.00452,TRACKING,0.000000,rad (Δpan per frame)
20261007_122452_A_2,9.9366,298,1,0.0470,-0.5666,0.00446,TRACKING,0.000000,rad (Δpan per frame)
20261007_122452_A_2,9.9698,299,1,0.0468,-0.5660,0.00448,TRACKING,0.000000,rad (Δpan per frame)
20261007_122452_A_2,10.0022,300,1,0.0472,-0.5661,0.00452,TRACKING,0.000000,rad (Δpan per frame)
20261007_122452_A_2,10.0365,301,1,0.0470,-0.5669,0.00450,TRACKING,0.000000,rad (Δpan per frame)
20261007_122452_A_2,10.0699,302,1,0.0468,-0.5675,0.00443,TRACKING,0.000000,rad (Δpan per frame)
20261007_122452_A_2,10.1032,303,1,0.0470,-0.5643,0.00448,TRACKING,0.000000,rad (Δpan per frame)
20261007_122452_A_2,10.1366,304,1,0.0469,-0.5670,0.00449,TRACKING,0.000000,rad (Δpan per frame)
20261007_122452_A_2,10.1699,305,1,0.0468,-0.5682,0.00445,TRACKING,0.000000,rad (Δpan per frame)
20261007_122452_A_2,10.2034,306,1,0.0469,-0.5670,0.00451,TRACKING,0.000000,rad (Δpan per frame)
20261007_122452_A_2,10.2367,307,1,0.0467,-0.5652,0.00445,TRACKING,0.000000,rad (Δpan per frame)
20261007_122452_A_2,10.2700,308,1,0.0467,-0.5655,0.00446,TRACKING,0.000000,rad (Δpan per frame)
20261007_122452_A_2,10.3035,309,1,0.0467,-0.5652,0.00445,TRACKING,0.000000,rad (Δpan per frame)
20261007_122452_A_2,10.3368,310,1,0.0468,-0.5665,0.00445,TRACKING,0.000000,rad (Δpan per frame)
20261007_122452_A_2,10.3702,311,1,0.0471,-0.5673,0.00449,TRACKING,0.000000,rad (Δpan per frame)
20261007_122452_A_2,10.4034,312,1,0.0472,-0.5659,0.00451,TRACKING,0.000000,rad (Δpan per frame)
20261007_122452_A_2,10.4368,313,1,0.0471,-0.5652,0.00451,TRACKING,0.000000,rad (Δpan per frame)
20261007_122452_A_2,10.4704,314,1,0.0471,-0.5666,0.00453,TRACKING,0.000000,rad (Δpan per frame)
20261007_122452_A_2,10.5038,315,1,0.0470,-0.5656,0.00450,TRACKING,0.000000,rad (Δpan per frame)
20261007_122452_A_2,10.5370,316,1,0.0469,-0.5653,0.00449,TRACKING,0.000000,rad (Δpan per frame)
20261007_122452_A_2,10.5702,317,1,0.0468,-0.5637,0.00446,TRACKING,0.000000,rad (Δpan per frame)
20261007_122452_A_2,10.6036,318,1,0.0468,-0.5663,0.00449,TRACKING,0.000000,rad (Δpan per frame)
20261007_122452_A_2,10.6370,319,1,0.0469,-0.5667,0.00448,TRACKING,0.000000,rad (Δpan per frame)
20261007_122452_A_2,10.6705,320,1,0.0470,-0.5670,0.00449,TRACKING,0.000000,rad (Δpan per frame)
20261007_122452_A_2,10.7038,321,1,0.0468,-0.5669,0.00447,TRACKING,0.000000,rad (Δpan per frame)
20261007_122452_A_2,10.7371,322,1,0.0468,-0.5658,0.00447,TRACKING,0.000000,rad (Δpan per frame)
20261007_122452_A_2,10.7704,323,1,0.0468,-0.5674,0.00445,TRACKING,0.000000,rad (Δpan per frame)
20261007_122452_A_2,10.8037,324,1,0.0471,-0.5678,0.00451,TRACKING,0.000000,rad (Δpan per frame)
20261007_122452_A_2,10.8369,325,1,0.0469,-0.5664,0.00449,TRACKING,0.000000,rad (Δpan per frame)
20261007_122452_A_2,10.8706,326,1,0.0468,-0.5655,0.00444,TRACKING,0.000000,rad (Δpan per frame)
20261007_122452_A_2,10.9038,327,1,0.0470,-0.5665,0.00453,TRACKING,0.000000,rad (Δpan per frame)
20261007_122452_A_2,10.9372,328,1,0.0467,-0.5668,0.00446,TRACKING,0.000000,rad (Δpan per frame)
20261007_122452_A_2,10.9705,329,1,0.0464,-0.5666,0.00439,TRACKING,0.000000,rad (Δpan per frame)
20261007_122452_A_2,11.0039,330,1,0.0466,-0.5673,0.00444,TRACKING,0.000000,rad (Δpan per frame)
20261007_122452_A_2,11.0373,331,1,0.0468,-0.5669,0.00448,TRACKING,0.000000,rad (Δpan per frame)
20261007_122452_A_2,11.0707,332,1,0.0465,-0.5657,0.00440,TRACKING,0.000000,rad (Δpan per frame)
20261007_122452_A_2,11.1039,333,1,0.0463,-0.5663,0.00442,TRACKING,0.000000,rad (Δpan per frame)
20261007_122452_A_2,11.1373,334,1,0.0465,-0.5671,0.00444,TRACKING,0.000000,rad (Δpan per frame)
20261007_122452_A_2,11.1707,335,1,0.0463,-0.5652,0.00437,TRACKING,0.000000,rad (Δpan per frame)
20261007_122452_A_2,11.2041,336,1,0.0463,-0.5655,0.00436,TRACKING,0.000000,rad (Δpan per frame)
20261007_122452_A_2,11.2375,337,1,0.0464,-0.5674,0.00442,TRACKING,0.000000,rad (Δpan per frame)
20261007_122452_A_2,11.2708,338,1,0.0466,-0.5667,0.00442,TRACKING,0.000000,rad (Δpan per frame)
20261007_122452_A_2,11.3041,339,1,0.0466,-0.5675,0.00446,TRACKING,0.000000,rad (Δpan per frame)
20261007_122452_A_2,11.3375,340,1,0.0466,-0.5671,0.00444,TRACKING,0.000000,rad (Δpan per frame)
20261007_122452_A_2,11.3708,341,1,0.0467,-0.5671,0.00448,TRACKING,0.000000,rad (Δpan per frame)
20261007_122452_A_2,11.4042,342,1,0.0469,-0.5683,0.00451,TRACKING,0.000000,rad (Δpan per frame)
20261007_122452_A_2,11.4375,343,1,0.0463,-0.5663,0.00440,TRACKING,0.000000,rad (Δpan per frame)
20261007_122452_A_2,11.4709,344,1,0.0467,-0.5669,0.00445,TRACKING,0.000000,rad (Δpan per frame)
20261007_122452_A_2,11.5038,345,1,0.0465,-0.5669,0.00444,TRACKING,0.000000,rad (Δpan per frame)
20261007_122452_A_2,11.5377,346,1,0.0465,-0.5670,0.00442,TRACKING,0.000000,rad (Δpan per frame)
20261007_122452_A_2,11.5708,347,1,0.0463,-0.5666,0.00440,TRACKING,0.000000,rad (Δpan per frame)
20261007_122452_A_2,11.6042,348,1,0.0466,-0.5664,0.00445,TRACKING,0.000000,rad (Δpan per frame)
20261007_122452_A_2,11.6372,349,1,0.0465,-0.5680,0.00444,TRACKING,0.000000,rad (Δpan per frame)
20261007_122452_A_2,11.6710,350,1,0.0465,-0.5675,0.00442,TRACKING,0.000000,rad (Δpan per frame)
20261007_122452_A_2,11.7043,351,1,0.0466,-0.5674,0.00443,TRACKING,0.000000,rad (Δpan per frame)
20261007_122452_A_2,11.7376,352,1,0.0465,-0.5662,0.00441,TRACKING,0.000000,rad (Δpan per frame)
20261007_122452_A_2,11.7711,353,1,0.0466,-0.5671,0.00445,TRACKING,0.000000,rad (Δpan per frame)
20261007_122452_A_2,11.8044,354,1,0.0466,-0.5648,0.00443,TRACKING,0.000000,rad (Δpan per frame)
20261007_122452_A_2,11.8377,355,1,0.0466,-0.5656,0.00440,TRACKING,0.000000,rad (Δpan per frame)
20261007_122452_A_2,11.8713,356,1,0.0465,-0.5653,0.00441,TRACKING,0.000000,rad (Δpan per frame)
20261007_122452_A_2,11.9045,357,1,0.0465,-0.5677,0.00451,TRACKING,0.000000,rad (Δpan per frame)
20261007_122452_A_2,11.9379,358,1,0.0470,-0.5670,0.00452,TRACKING,0.000000,rad (Δpan per frame)
20261007_122452_A_2,11.9711,359,1,0.0470,-0.5672,0.00451,TRACKING,0.000000,rad (Δpan per frame)
20261007_122452_A_2,12.0046,360,1,0.0465,-0.5668,0.00444,TRACKING,0.000000,rad (Δpan per frame)
20261007_122452_A_2,12.0379,361,1,0.0465,-0.5654,0.00443,TRACKING,0.000000,rad (Δpan per frame)
20261007_122452_A_2,12.0712,362,1,0.0467,-0.5675,0.00448,TRACKING,0.000000,rad (Δpan per frame)
20261007_122452_A_2,12.1046,363,1,0.0465,-0.5684,0.00445,TRACKING,0.000000,rad (Δpan per frame)
20261007_122452_A_2,12.1380,364,1,0.0468,-0.5675,0.00450,TRACKING,0.000000,rad (Δpan per frame)
20261007_122452_A_2,12.1713,365,1,0.0466,-0.5675,0.00446,TRACKING,0.000000,rad (Δpan per frame)
20261007_122452_A_2,12.2048,366,1,0.0465,-0.5676,0.00442,TRACKING,0.000000,rad (Δpan per frame)
20261007_122452_A_2,12.2380,367,1,0.0468,-0.5675,0.00450,TRACKING,0.000000,rad (Δpan per frame)
20261007_122452_A_2,12.2715,368,1,0.0467,-0.5685,0.00448,TRACKING,0.000000,rad (Δpan per frame)
20261007_122452_A_2,12.3047,369,1,0.0467,-0.5668,0.00447,TRACKING,0.000000,rad (Δpan per frame)
20261007_122452_A_2,12.3382,370,1,0.0465,-0.5667,0.00443,TRACKING,0.000000,rad (Δpan per frame)
20261007_122452_A_2,12.3714,371,1,0.0465,-0.5677,0.00443,TRACKING,0.000000,rad (Δpan per frame)
20261007_122452_A_2,12.4048,372,1,0.0468,-0.5672,0.00449,TRACKING,0.000000,rad (Δpan per frame)
20261007_122452_A_2,12.4381,373,1,0.0466,-0.5671,0.00445,TRACKING,0.000000,rad (Δpan per frame)
20261007_122452_A_2,12.4716,374,1,0.0467,-0.5672,0.00449,TRACKING,0.000000,rad (Δpan per frame)
20261007_122452_A_2,12.5050,375,1,0.0465,-0.5668,0.00444,TRACKING,0.000000,rad (Δpan per frame)
20261007_122452_A_2,12.5384,376,1,0.0467,-0.5677,0.00447,TRACKING,0.000000,rad (Δpan per frame)
20261007_122452_A_2,12.5716,377,1,0.0468,-0.5678,0.00449,TRACKING,0.000000,rad (Δpan per frame)
20261007_122452_A_2,12.6049,378,1,0.0465,-0.5672,0.00445,TRACKING,0.000000,rad (Δpan per frame)
20261007_122452_A_2,12.6382,379,1,0.0467,-0.5686,0.00450,TRACKING,0.000000,rad (Δpan per frame)
20261007_122452_A_2,12.6717,380,1,0.0466,-0.5668,0.00444,TRACKING,0.000000,rad (Δpan per frame)
20261007_122452_A_2,12.7051,381,1,0.0467,-0.5680,0.00448,TRACKING,0.000000,rad (Δpan per frame)
20261007_122452_A_2,12.7384,382,1,0.0468,-0.5678,0.00447,TRACKING,0.000000,rad (Δpan per frame)
20261007_122452_A_2,12.7717,383,1,0.0466,-0.5674,0.00445,TRACKING,0.000000,rad (Δpan per frame)
20261007_122452_A_2,12.8050,384,1,0.0464,-0.5660,0.00441,TRACKING,0.000000,rad (Δpan per frame)
20261007_122452_A_2,12.8383,385,1,0.0465,-0.5667,0.00442,TRACKING,0.000000,rad (Δpan per frame)
20261007_122452_A_2,12.8719,386,1,0.0469,-0.5677,0.00447,TRACKING,0.000000,rad (Δpan per frame)
20261007_122452_A_2,12.9052,387,1,0.0467,-0.5657,0.00443,TRACKING,0.000000,rad (Δpan per frame)
20261007_122452_A_2,12.9386,388,1,0.0462,-0.5656,0.00439,TRACKING,0.000000,rad (Δpan per frame)
20261007_122452_A_2,12.9718,389,1,0.0466,-0.5674,0.00445,TRACKING,0.000000,rad (Δpan per frame)
20261007_122452_A_2,13.0052,390,1,0.0469,-0.5658,0.00448,TRACKING,0.000000,rad (Δpan per frame)
20261007_122452_A_2,13.0385,391,1,0.0469,-0.5667,0.00450,TRACKING,0.000000,rad (Δpan per frame)
20261007_122452_A_2,13.0719,392,1,0.0468,-0.5678,0.00451,TRACKING,0.000000,rad (Δpan per frame)
20261007_122452_A_2,13.1053,393,1,0.0466,-0.5657,0.00443,TRACKING,0.000000,rad (Δpan per frame)
20261007_122452_A_2,13.1386,394,1,0.0470,-0.5673,0.00453,TRACKING,0.000000,rad (Δpan per frame)
20261007_122452_A_2,13.1720,395,1,0.0465,-0.5657,0.00440,TRACKING,0.000000,rad (Δpan per frame)
20261007_122452_A_2,13.2053,396,1,0.0469,-0.5677,0.00449,TRACKING,0.000000,rad (Δpan per frame)
20261007_122452_A_2,13.2388,397,1,0.0468,-0.5672,0.00449,TRACKING,0.000000,rad (Δpan per frame)
20261007_122452_A_2,13.2722,398,1,0.0466,-0.5677,0.00447,TRACKING,0.000000,rad (Δpan per frame)
20261007_122452_A_2,13.3055,399,1,0.0467,-0.5669,0.00448,TRACKING,0.000000,rad (Δpan per frame)
20261007_122452_A_2,13.3389,400,1,0.0468,-0.5669,0.00448,TRACKING,0.000000,rad (Δpan per frame)
20261007_122452_A_2,13.3722,401,1,0.0467,-0.5666,0.00446,TRACKING,0.000000,rad (Δpan per frame)
20261007_122452_A_2,13.4056,402,1,0.0468,-0.5678,0.00451,TRACKING,0.000000,rad (Δpan per frame)
20261007_122452_A_2,13.4390,403,1,0.0463,-0.5661,0.00441,TRACKING,0.000000,rad (Δpan per frame)
20261007_122452_A_2,13.4724,404,1,0.0467,-0.5665,0.00446,TRACKING,0.000000,rad (Δpan per frame)
20261007_122452_A_2,13.5057,405,1,0.0465,-0.5651,0.00442,TRACKING,0.000000,rad (Δpan per frame)
20261007_122452_A_2,13.5389,406,1,0.0463,-0.5656,0.00440,TRACKING,0.000000,rad (Δpan per frame)
20261007_122452_A_2,13.5724,407,1,0.0466,-0.5686,0.00445,TRACKING,0.000000,rad (Δpan per frame)
20261007_122452_A_2,13.6057,408,1,0.0467,-0.5654,0.00446,TRACKING,0.000000,rad (Δpan per frame)
20261007_122452_A_2,13.6391,409,1,0.0469,-0.5658,0.00448,TRACKING,0.000000,rad (Δpan per frame)
20261007_122452_A_2,13.6724,410,1,0.0466,-0.5667,0.00447,TRACKING,0.000000,rad (Δpan per frame)
20261007_122452_A_2,13.7058,411,1,0.0466,-0.5681,0.00445,TRACKING,0.000000,rad (Δpan per frame)
20261007_122452_A_2,13.7391,412,1,0.0467,-0.5666,0.00446,TRACKING,0.000000,rad (Δpan per frame)
20261007_122452_A_2,13.7724,413,1,0.0467,-0.5674,0.00449,TRACKING,0.000000,rad (Δpan per frame)
20261007_122452_A_2,13.8058,414,1,0.0466,-0.5687,0.00447,TRACKING,0.000000,rad (Δpan per frame)
20261007_122452_A_2,13.8392,415,1,0.0466,-0.5656,0.00440,TRACKING,0.000000,rad (Δpan per frame)
20261007_122452_A_2,13.8726,416,1,0.0465,-0.5670,0.00444,TRACKING,0.000000,rad (Δpan per frame)
20261007_122452_A_2,13.9058,417,1,0.0468,-0.5675,0.00449,TRACKING,0.000000,rad (Δpan per frame)
20261007_122452_A_2,13.9394,418,1,0.0463,-0.5656,0.00440,TRACKING,0.000000,rad (Δpan per frame)
20261007_122452_A_2,13.9727,419,1,0.0467,-0.5669,0.00448,TRACKING,0.000000,rad (Δpan per frame)
20261007_122452_A_2,14.0061,420,1,0.0463,-0.5665,0.00439,TRACKING,0.000000,rad (Δpan per frame)
20261007_122452_A_2,14.0394,421,1,0.0465,-0.5674,0.00441,TRACKING,0.000000,rad (Δpan per frame)
20261007_122452_A_2,14.0728,422,1,0.0468,-0.5678,0.00448,TRACKING,0.000000,rad (Δpan per frame)
20261007_122452_A_2,14.1060,423,1,0.0466,-0.5689,0.00446,TRACKING,0.000000,rad (Δpan per frame)
20261007_122452_A_2,14.1393,424,1,0.0469,-0.5658,0.00448,TRACKING,0.000000,rad (Δpan per frame)
20261007_122452_A_2,14.1727,425,1,0.0465,-0.5679,0.00450,TRACKING,0.000000,rad (Δpan per frame)
20261007_122452_A_2,14.2061,426,1,0.0468,-0.5686,0.00443,TRACKING,0.000000,rad (Δpan per frame)
20261007_122452_A_2,14.2394,427,1,0.0466,-0.5676,0.00445,TRACKING,0.000000,rad (Δpan per frame)
20261007_122452_A_2,14.2729,428,1,0.0464,-0.5657,0.00439,TRACKING,0.000000,rad (Δpan per frame)
20261007_122452_A_2,14.3062,429,1,0.0467,-0.5671,0.00447,TRACKING,0.000000,rad (Δpan per frame)
20261007_122452_A_2,14.3397,430,1,0.0470,-0.5670,0.00452,TRACKING,0.000000,rad (Δpan per frame)
20261007_122452_A_2,14.3729,431,1,0.0463,-0.5646,0.00440,TRACKING,0.000000,rad (Δpan per frame)
20261007_122452_A_2,14.4064,432,1,0.0466,-0.5668,0.00444,TRACKING,0.000000,rad (Δpan per frame)
20261007_122452_A_2,14.4397,433,1,0.0464,-0.5674,0.00442,TRACKING,0.000000,rad (Δpan per frame)
20261007_122452_A_2,14.4729,434,1,0.0463,-0.5661,0.00441,TRACKING,0.000000,rad (Δpan per frame)
20261007_122452_A_2,14.5063,435,1,0.0465,-0.5651,0.00442,TRACKING,0.000000,rad (Δpan per frame)
20261007_122452_A_2,14.5398,436,1,0.0467,-0.5677,0.00447,TRACKING,0.000000,rad (Δpan per frame)
20261007_122452_A_2,14.5732,437,1,0.0465,-0.5662,0.00441,TRACKING,0.000000,rad (Δpan per frame)
20261007_122452_A_2,14.6064,438,1,0.0464,-0.5660,0.00441,TRACKING,0.000000,rad (Δpan per frame)
20261007_122452_A_2,14.6396,439,1,0.0467,-0.5679,0.00444,TRACKING,0.000000,rad (Δpan per frame)
20261007_122452_A_2,14.6731,440,1,0.0468,-0.5681,0.00452,TRACKING,0.000000,rad (Δpan per frame)
20261007_122452_A_2,14.7065,441,1,0.0468,-0.5665,0.00449,TRACKING,0.000000,rad (Δpan per frame)
20261007_122452_A_2,14.7398,442,1,0.0466,-0.5678,0.00447,TRACKING,0.000000,rad (Δpan per frame)
20261007_122452_A_2,14.7732,443,1,0.0470,-0.5680,0.00446,TRACKING,0.000000,rad (Δpan per frame)
20261007_122452_A_2,14.8066,444,1,0.0468,-0.5682,0.00445,TRACKING,0.000000,rad (Δpan per frame)
20261007_122452_A_2,14.8399,445,1,0.0466,-0.5674,0.00446,TRACKING,0.000000,rad (Δpan per frame)
20261007_122452_A_2,14.8731,446,1,0.0465,-0.5674,0.00446,TRACKING,0.000000,rad (Δpan per frame)
20261007_122452_A_2,14.9066,447,1,0.0467,-0.5680,0.00448,TRACKING,0.000000,rad (Δpan per frame)
20261007_122452_A_2,14.9399,448,1,0.0468,-0.5669,0.00447,TRACKING,0.000000,rad (Δpan per frame)
20261007_122452_A_2,14.9732,449,1,0.0468,-0.5668,0.00446,TRACKING,0.000000,rad (Δpan per frame)
20261007_122452_A_2,15.0067,450,1,0.0467,-0.5655,0.00446,TRACKING,0.000000,rad (Δpan per frame)
20261007_122452_A_2,15.0400,451,1,0.0465,-0.5659,0.00444,TRACKING,0.000000,rad (Δpan per frame)
20261007_122452_A_2,15.0734,452,1,0.0469,-0.5664,0.00448,TRACKING,0.000000,rad (Δpan per frame)
20261007_122452_A_2,15.1068,453,1,0.0465,-0.5653,0.00441,TRACKING,0.000000,rad (Δpan per frame)
20261007_122452_A_2,15.1400,454,1,0.0466,-0.5677,0.00446,TRACKING,0.000000,rad (Δpan per frame)
20261007_122452_A_2,15.1736,455,1,0.0463,-0.5660,0.00444,TRACKING,0.000000,rad (Δpan per frame)
20261007_122452_A_2,15.2069,456,1,0.0466,-0.5659,0.00442,TRACKING,0.000000,rad (Δpan per frame)
20261007_122452_A_2,15.2402,457,1,0.0465,-0.5675,0.00442,TRACKING,0.000000,rad (Δpan per frame)
20261007_122452_A_2,15.2735,458,1,0.0466,-0.5646,0.00444,TRACKING,0.000000,rad (Δpan per frame)
20261007_122452_A_2,15.3068,459,1,0.0466,-0.5665,0.00446,TRACKING,0.000000,rad (Δpan per frame)
20261007_122452_A_2,15.3403,460,1,0.0464,-0.5664,0.00442,TRACKING,0.000000,rad (Δpan per frame)
20261007_122452_A_2,15.3735,461,1,0.0469,-0.5677,0.00449,TRACKING,0.000000,rad (Δpan per frame)
20261007_122452_A_2,15.4069,462,1,0.0468,-0.5677,0.00449,TRACKING,0.000000,rad (Δpan per frame)
20261007_122452_A_2,15.4403,463,1,0.0465,-0.5663,0.00439,TRACKING,0.000000,rad (Δpan per frame)
20261007_122452_A_2,15.4737,464,1,0.0465,-0.5651,0.00442,TRACKING,0.000000,rad (Δpan per frame)
20261007_122452_A_2,15.5071,465,1,0.0463,-0.5661,0.00441,TRACKING,0.000000,rad (Δpan per frame)
20261007_122452_A_2,15.5405,466,1,0.0467,-0.5681,0.00448,TRACKING,0.000000,rad (Δpan per frame)
20261007_122452_A_2,15.5737,467,1,0.0465,-0.5677,0.00442,TRACKING,0.000000,rad (Δpan per frame)
20261007_122452_A_2,15.6071,468,1,0.0466,-0.5671,0.00445,TRACKING,0.000000,rad (Δpan per frame)
20261007_122452_A_2,15.6405,469,1,0.0466,-0.5677,0.00446,TRACKING,0.000000,rad (Δpan per frame)
20261007_122452_A_2,15.6738,470,1,0.0464,-0.5665,0.00443,TRACKING,0.000000,rad (Δpan per frame)
20261007_122452_A_2,15.7072,471,1,0.0466,-0.5656,0.00443,TRACKING,0.000000,rad (Δpan per frame)
20261007_122452_A_2,15.7405,472,1,0.0465,-0.5662,0.00441,TRACKING,0.000000,rad (Δpan per frame)
20261007_122452_A_2,15.7738,473,1,0.0467,-0.5680,0.00445,TRACKING,0.000000,rad (Δpan per frame)
20261007_122452_A_2,15.8072,474,1,0.0466,-0.5672,0.00445,TRACKING,0.000000,rad (Δpan per frame)
20261007_122452_A_2,15.8406,475,1,0.0464,-0.5660,0.00441,TRACKING,0.000000,rad (Δpan per frame)
20261007_122452_A_2,15.8739,476,1,0.0462,-0.5659,0.00437,TRACKING,0.000000,rad (Δpan per frame)
20261007_122452_A_2,15.9074,477,1,0.0466,-0.5672,0.00445,TRACKING,0.000000,rad (Δpan per frame)
20261007_122452_A_2,15.9407,478,1,0.0467,-0.5666,0.00446,TRACKING,0.000000,rad (Δpan per frame)
20261007_122452_A_2,15.9738,479,1,0.0468,-0.5678,0.00450,TRACKING,0.000000,rad (Δpan per frame)
20261007_122452_A_2,16.0075,480,1,0.0469,-0.5680,0.00450,TRACKING,0.000000,rad (Δpan per frame)
20261007_122452_A_2,16.0408,481,1,0.0466,-0.5659,0.00446,TRACKING,0.000000,rad (Δpan per frame)
20261007_122452_A_2,16.0740,482,1,0.0465,-0.5687,0.00444,TRACKING,0.000000,rad (Δpan per frame)
20261007_122452_A_2,16.1075,483,1,0.0465,-0.5669,0.00444,TRACKING,0.000000,rad (Δpan per frame)
20261007_122452_A_2,16.1408,484,1,0.0466,-0.5671,0.00445,TRACKING,0.000000,rad (Δpan per frame)
20261007_122452_A_2,16.1742,485,1,0.0469,-0.5680,0.00450,TRACKING,0.000000,rad (Δpan per frame)
20261007_122452_A_2,16.2075,486,1,0.0468,-0.5669,0.00448,TRACKING,0.000000,rad (Δpan per frame)
20261007_122452_A_2,16.2408,487,1,0.0461,-0.5672,0.00439,TRACKING,0.000000,rad (Δpan per frame)
20261007_122452_A_2,16.2742,488,1,0.0463,-0.5668,0.00447,TRACKING,0.000000,rad (Δpan per frame)
20261007_122452_A_2,16.3077,489,1,0.0465,-0.5668,0.00443,TRACKING,0.000000,rad (Δpan per frame)
20261007_122452_A_2,16.3408,490,1,0.0467,-0.5651,0.00445,TRACKING,0.000000,rad (Δpan per frame)
20261007_122452_A_2,16.3742,491,1,0.0465,-0.5653,0.00441,TRACKING,0.000000,rad (Δpan per frame)
20261007_122452_A_2,16.4077,492,1,0.0470,-0.5675,0.00450,TRACKING,0.000000,rad (Δpan per frame)
20261007_122452_A_2,16.4409,493,1,0.0467,-0.5674,0.00446,TRACKING,0.000000,rad (Δpan per frame)
20261007_122452_A_2,16.4743,494,1,0.0464,-0.5660,0.00441,TRACKING,0.000000,rad (Δpan per frame)
20261007_122452_A_2,16.5076,495,1,0.0464,-0.5660,0.00441,TRACKING,0.000000,rad (Δpan per frame)
20261007_122452_A_2,16.5407,496,1,0.0466,-0.5656,0.00443,TRACKING,0.000000,rad (Δpan per frame)
20261007_122452_A_2,16.5744,497,1,0.0466,-0.5657,0.00443,TRACKING,0.000000,rad (Δpan per frame)
20261007_122452_A_2,16.6078,498,1,0.0466,-0.5657,0.00443,TRACKING,0.000000,rad (Δpan per frame)
20261007_122452_A_2,16.6411,499,1,0.0463,-0.5663,0.00436,TRACKING,0.000000,rad (Δpan per frame)
20261007_122452_A_2,16.6745,500,1,0.0463,-0.5662,0.00437,TRACKING,0.000000,rad (Δpan per frame)
20261007_122452_A_2,16.7077,501,1,0.0463,-0.5665,0.00438,TRACKING,0.000000,rad (Δpan per frame)
20261007_122452_A_2,16.7412,502,1,0.0467,-0.5665,0.00446,TRACKING,0.000000,rad (Δpan per frame)
20261007_122452_A_2,16.7745,503,1,0.0465,-0.5654,0.00443,TRACKING,0.000000,rad (Δpan per frame)
20261007_122452_A_2,16.8081,504,1,0.0463,-0.5662,0.00437,TRACKING,0.000000,rad (Δpan per frame)
20261007_122452_A_2,16.8413,505,1,0.0466,-0.5657,0.00443,TRACKING,0.000000,rad (Δpan per frame)
20261007_122452_A_2,16.8748,506,1,0.0465,-0.5653,0.00441,TRACKING,0.000000,rad (Δpan per frame)
20261007_122452_A_2,16.9080,507,1,0.0466,-0.5651,0.00444,TRACKING,0.000000,rad (Δpan per frame)
20261007_122452_A_2,16.9415,508,1,0.0465,-0.5662,0.00441,TRACKING,0.000000,rad (Δpan per frame)
20261007_122452_A_2,16.9745,509,1,0.0467,-0.5646,0.00446,TRACKING,0.000000,rad (Δpan per frame)
20261007_122452_A_2,17.0085,510,1,0.0465,-0.5657,0.00442,TRACKING,0.000000,rad (Δpan per frame)
20261007_122452_A_2,17.0414,511,1,0.0462,-0.5660,0.00438,TRACKING,0.000000,rad (Δpan per frame)
20261007_122452_A_2,17.0749,512,1,0.0467,-0.5662,0.00447,TRACKING,0.000000,rad (Δpan per frame)
20261007_122452_A_2,17.1082,513,1,0.0465,-0.5666,0.00438,TRACKING,0.000000,rad (Δpan per frame)
20261007_122452_A_2,17.1416,514,1,0.0464,-0.5666,0.00439,TRACKING,0.000000,rad (Δpan per frame)
20261007_122452_A_2,17.1748,515,1,0.0465,-0.5657,0.00439,TRACKING,0.000000,rad (Δpan per frame)
20261007_122452_A_2,17.2085,516,1,0.0462,-0.5669,0.00437,TRACKING,0.000000,rad (Δpan per frame)
20261007_122452_A_2,17.2417,517,1,0.0469,-0.5660,0.00450,TRACKING,0.000000,rad (Δpan per frame)
20261007_122452_A_2,17.2751,518,1,0.0464,-0.5659,0.00441,TRACKING,0.000000,rad (Δpan per frame)
20261007_122452_A_2,17.3085,519,1,0.0468,-0.5672,0.00450,TRACKING,0.000000,rad (Δpan per frame)
20261007_122452_A_2,17.3417,520,1,0.0465,-0.5653,0.00441,TRACKING,0.000000,rad (Δpan per frame)
20261007_122452_A_2,17.3751,521,1,0.0466,-0.5653,0.00443,TRACKING,0.000000,rad (Δpan per frame)
20261007_122452_A_2,17.4085,522,1,0.0467,-0.5660,0.00442,TRACKING,0.000000,rad (Δpan per frame)
20261007_122452_A_2,17.4418,523,1,0.0463,-0.5656,0.00440,TRACKING,0.000000,rad (Δpan per frame)
20261007_122452_A_2,17.4753,524,1,0.0465,-0.5641,0.00442,TRACKING,0.000000,rad (Δpan per frame)
20261007_122452_A_2,17.5086,525,1,0.0469,-0.5664,0.00450,TRACKING,0.000000,rad (Δpan per frame)
20261007_122452_A_2,17.5420,526,1,0.0469,-0.5647,0.00447,TRACKING,0.000000,rad (Δpan per frame)
20261007_122452_A_2,17.5752,527,1,0.0461,-0.5659,0.00445,TRACKING,0.000000,rad (Δpan per frame)
20261007_122452_A_2,17.6087,528,1,0.0464,-0.5655,0.00443,TRACKING,0.000000,rad (Δpan per frame)
20261007_122452_A_2,17.6420,529,1,0.0466,-0.5646,0.00443,TRACKING,0.000000,rad (Δpan per frame)
20261007_122452_A_2,17.6753,530,1,0.0465,-0.5661,0.00444,TRACKING,0.000000,rad (Δpan per frame)
20261007_123156_B_2,0.0000,0,0,,,0.00000,IDLE,0.000000,rad (Δpan per frame)
20261007_123156_B_2,0.0297,1,0,,,0.00000,IDLE,0.000000,rad (Δpan per frame)
20261007_123156_B_2,0.0628,2,0,,,0.00000,IDLE,0.000000,rad (Δpan per frame)
20261007_123156_B_2,0.0963,3,0,,,0.00000,IDLE,0.000000,rad (Δpan per frame)
20261007_123156_B_2,0.1297,4,0,,,0.00000,IDLE,0.000000,rad (Δpan per frame)
20261007_123156_B_2,0.1628,5,0,,,0.00000,IDLE,0.000000,rad (Δpan per frame)
20261007_123156_B_2,0.1959,6,0,,,0.00000,IDLE,0.000000,rad (Δpan per frame)
20261007_123156_B_2,0.2298,7,1,0.9220,-0.5377,0.00500,TRACKING,-0.017453,rad (Δpan per frame)
20261007_123156_B_2,0.2631,8,1,0.9222,-0.5215,0.00799,TRACKING,-0.017453,rad (Δpan per frame)
20261007_123156_B_2,0.2964,9,1,0.9087,-0.5268,0.00927,TRACKING,-0.017453,rad (Δpan per frame)
20261007_123156_B_2,0.3298,10,1,0.8972,-0.5316,0.00569,TRACKING,-0.017453,rad (Δpan per frame)
20261007_123156_B_2,0.3626,11,1,0.8603,-0.5270,0.00770,TRACKING,-0.017453,rad (Δpan per frame)
20261007_123156_B_2,0.3963,12,1,0.8336,-0.5330,0.00671,TRACKING,-0.017453,rad (Δpan per frame)
20261007_123156_B_2,0.4299,13,1,0.8006,-0.5479,0.00671,TRACKING,-0.017453,rad (Δpan per frame)
20261007_123156_B_2,0.4629,14,1,0.7697,-0.5576,0.00664,TRACKING,-0.017453,rad (Δpan per frame)
20261007_123156_B_2,0.4965,15,1,0.7404,-0.5559,0.00604,TRACKING,-0.017453,rad (Δpan per frame)
20261007_123156_B_2,0.5297,16,1,0.7051,-0.5547,0.00610,TRACKING,-0.017453,rad (Δpan per frame)
20261007_123156_B_2,0.5631,17,1,0.6772,-0.5652,0.00563,TRACKING,-0.017453,rad (Δpan per frame)
20261007_123156_B_2,0.5966,18,1,0.6509,-0.5768,0.00455,TRACKING,-0.017453,rad (Δpan per frame)
20261007_123156_B_2,0.6299,19,1,0.6156,-0.5691,0.00492,TRACKING,-0.017453,rad (Δpan per frame)
20261007_123156_B_2,0.6635,20,1,0.5895,-0.5809,0.00514,TRACKING,-0.017453,rad (Δpan per frame)
20261007_123156_B_2,0.6968,21,1,0.5633,-0.5810,0.00521,TRACKING,-0.016899,rad (Δpan per frame)
20261007_123156_B_2,0.7303,22,1,0.5320,-0.5771,0.00561,TRACKING,-0.015961,rad (Δpan per frame)
20261007_123156_B_2,0.7637,23,1,0.4980,-0.5837,0.00555,TRACKING,-0.014939,rad (Δpan per frame)
20261007_123156_B_2,0.7969,24,1,0.4693,-0.5806,0.00579,TRACKING,-0.014079,rad (Δpan per frame)
20261007_123156_B_2,0.8304,25,1,0.4433,-0.5850,0.00569,TRACKING,-0.013299,rad (Δpan per frame)
20261007_123156_B_2,0.8635,26,1,0.4177,-0.5909,0.00602,TRACKING,-0.012532,rad (Δpan per frame)
20261007_123156_B_2,0.8967,27,1,0.3953,-0.5831,0.00646,TRACKING,-0.011859,rad (Δpan per frame)
20261007_123156_B_2,0.9303,28,1,0.3748,-0.5818,0.00604,TRACKING,-0.011244,rad (Δpan per frame)
20261007_123156_B_2,0.9636,29,1,0.3523,-0.5837,0.00638,TRACKING,-0.010568,rad (Δpan per frame)
20261007_123156_B_2,0.9969,30,1,0.3345,-0.5827,0.00641,TRACKING,-0.010035,rad (Δpan per frame)
20261007_123156_B_2,1.0301,31,1,0.3168,-0.5865,0.00606,TRACKING,-0.009503,rad (Δpan per frame)
20261007_123156_B_2,1.0635,32,1,0.2976,-0.5881,0.00633,TRACKING,-0.008928,rad (Δpan per frame)
20261007_123156_B_2,1.0969,33,1,0.2802,-0.5873,0.00611,TRACKING,-0.008406,rad (Δpan per frame)
20261007_123156_B_2,1.1302,34,1,0.2643,-0.5892,0.00621,TRACKING,-0.007928,rad (Δpan per frame)
20261007_123156_B_2,1.1635,35,1,0.2510,-0.5860,0.00628,TRACKING,-0.007530,rad (Δpan per frame)
20261007_123156_B_2,1.1970,36,1,0.2379,-0.5889,0.00670,TRACKING,-0.007137,rad (Δpan per frame)
20261007_123156_B_2,1.2304,37,1,0.2253,-0.5871,0.00627,TRACKING,-0.006759,rad (Δpan per frame)
20261007_123156_B_2,1.2638,38,1,0.2138,-0.5874,0.00625,TRACKING,-0.006415,rad (Δpan per frame)
20261007_123156_B_2,1.2971,39,1,0.2027,-0.5876,0.00657,TRACKING,-0.006081,rad (Δpan per frame)
20261007_123156_B_2,1.3303,40,1,0.1978,-0.5872,0.00576,TRACKING,-0.005935,rad (Δpan per frame)
20261007_123156_B_2,1.3637,41,1,0.1891,-0.5879,0.00551,TRACKING,-0.005673,rad (Δpan per frame)
20261007_123156_B_2,1.3973,42,1,0.1730,-0.5904,0.00659,TRACKING,-0.005189,rad (Δpan per frame)
20261007_123156_B_2,1.4305,43,1,0.1703,-0.5931,0.00558,TRACKING,-0.005108,rad (Δpan per frame)
20261007_123156_B_2,1.4639,44,1,0.1549,-0.5861,0.00658,TRACKING,-0.004646,rad (Δpan per frame)
20261007_123156_B_2,1.4971,45,1,0.1461,-0.5853,0.00660,TRACKING,-0.004382,rad (Δpan per frame)
20261007_123156_B_2,1.5305,46,1,0.1365,-0.5864,0.00661,TRACKING,-0.004096,rad (Δpan per frame)
20261007_123156_B_2,1.5638,47,1,0.1313,-0.5857,0.00637,TRACKING,-0.003939,rad (Δpan per frame)
20261007_123156_B_2,1.5973,48,1,0.1244,-0.5868,0.00677,TRACKING,-0.003732,rad (Δpan per frame)
20261007_123156_B_2,1.6305,49,1,0.1169,-0.5878,0.00673,TRACKING,-0.003506,rad (Δpan per frame)
20261007_123156_B_2,1.6639,50,1,0.1124,-0.5873,0.00643,TRACKING,-0.003373,rad (Δpan per frame)
20261007_123156_B_2,1.6974,51,1,0.1086,-0.5906,0.00649,TRACKING,-0.003258,rad (Δpan per frame)
20261007_123156_B_2,1.7307,52,1,0.1011,-0.5843,0.00650,TRACKING,-0.003032,rad (Δpan per frame)
20261007_123156_B_2,1.7640,53,1,0.0945,-0.5861,0.00647,TRACKING,-0.002835,rad (Δpan per frame)
20261007_123156_B_2,1.7975,54,1,0.0925,-0.5857,0.00619,TRACKING,-0.002774,rad (Δpan per frame)
20261007_123156_B_2,1.8307,55,1,0.0894,-0.5837,0.00567,TRACKING,-0.002683,rad (Δpan per frame)
20261007_123156_B_2,1.8641,56,1,0.0850,-0.5851,0.00584,TRACKING,-0.002551,rad (Δpan per frame)
20261007_123156_B_2,1.8976,57,1,0.0846,-0.5868,0.00582,TRACKING,-0.002539,rad (Δpan per frame)
20261007_123156_B_2,1.9306,58,1,0.0736,-0.5876,0.00652,TRACKING,-0.002209,rad (Δpan per frame)
20261007_123156_B_2,1.9644,59,1,0.0718,-0.5894,0.00645,TRACKING,-0.002153,rad (Δpan per frame)
20261007_123156_B_2,1.9975,60,1,0.0732,-0.5841,0.00530,TRACKING,-0.002196,rad (Δpan per frame)
20261007_123156_B_2,2.0309,61,1,0.0618,-0.5873,0.00665,TRACKING,-0.001853,rad (Δpan per frame)
20261007_123156_B_2,2.0643,62,1,0.0606,-0.5878,0.00669,TRACKING,-0.001819,rad (Δpan per frame)
20261007_123156_B_2,2.0976,63,1,0.0565,-0.5837,0.00647,TRACKING,-0.001694,rad (Δpan per frame)
20261007_123156_B_2,2.1309,64,1,0.0596,-0.5891,0.00537,TRACKING,-0.001787,rad (Δpan per frame)
20261007_123156_B_2,2.1642,65,1,0.0616,-0.5858,0.00516,TRACKING,-0.001849,rad (Δpan per frame)
20261007_123156_B_2,2.1977,66,1,0.0508,-0.5852,0.00665,TRACKING,-0.001524,rad (Δpan per frame)
20261007_123156_B_2,2.2310,67,1,0.0543,-0.5858,0.00519,TRACKING,-0.001628,rad (Δpan per frame)
20261007_123156_B_2,2.2643,68,1,0.0520,-0.5889,0.00514,TRACKING,-0.001561,rad (Δpan per frame)
20261007_123156_B_2,2.2979,69,1,0.0431,-0.5904,0.00639,TRACKING,0.000000,rad (Δpan per frame)
20261007_123156_B_2,2.3311,70,1,0.0386,-0.5855,0.00629,TRACKING,0.000000,rad (Δpan per frame)
20261007_123156_B_2,2.3643,71,1,0.0395,-0.5855,0.00618,TRACKING,0.000000,rad (Δpan per frame)
20261007_123156_B_2,2.3976,72,1,0.0381,-0.5877,0.00613,TRACKING,0.000000,rad (Δpan per frame)
20261007_123156_B_2,2.4309,73,1,0.0441,-0.5835,0.00530,TRACKING,0.000000,rad (Δpan per frame)
20261007_123156_B_2,2.4649,74,1,0.0429,-0.5856,0.00536,TRACKING,0.000000,rad (Δpan per frame)
20261007_123156_B_2,2.4983,75,1,0.0436,-0.5845,0.00516,TRACKING,0.000000,rad (Δpan per frame)
20261007_123156_B_2,2.5316,76,1,0.0375,-0.5867,0.00623,TRACKING,0.000000,rad (Δpan per frame)
20261007_123156_B_2,2.5649,77,1,0.0451,-0.5855,0.00511,TRACKING,0.000000,rad (Δpan per frame)
20261007_123156_B_2,2.5984,78,1,0.0376,-0.5860,0.00630,TRACKING,0.000000,rad (Δpan per frame)
20261007_123156_B_2,2.6315,79,1,0.0451,-0.5837,0.00528,TRACKING,0.000000,rad (Δpan per frame)
20261007_123156_B_2,2.6649,80,1,0.0374,-0.5881,0.00636,TRACKING,0.000000,rad (Δpan per frame)
20261007_123156_B_2,2.6984,81,1,0.0432,-0.5880,0.00533,TRACKING,0.000000,rad (Δpan per frame)
20261007_123156_B_2,2.7316,82,1,0.0434,-0.5823,0.00529,TRACKING,0.000000,rad (Δpan per frame)
20261007_123156_B_2,2.7650,83,1,0.0434,-0.5857,0.00532,TRACKING,0.000000,rad (Δpan per frame)
20261007_123156_B_2,2.7985,84,1,0.0428,-0.5881,0.00531,TRACKING,0.000000,rad (Δpan per frame)
20261007_123156_B_2,2.8319,85,1,0.0453,-0.5840,0.00501,TRACKING,0.000000,rad (Δpan per frame)
20261007_123156_B_2,2.8651,86,1,0.0435,-0.5866,0.00533,TRACKING,0.000000,rad (Δpan per frame)
20261007_123156_B_2,2.8985,87,1,0.0432,-0.5825,0.00537,TRACKING,0.000000,rad (Δpan per frame)
20261007_123156_B_2,2.9320,88,1,0.0426,-0.5847,0.00541,TRACKING,0.000000,rad (Δpan per frame)
20261007_123156_B_2,2.9653,89,1,0.0382,-0.5883,0.00605,TRACKING,0.000000,rad (Δpan per frame)
20261007_123156_B_2,2.9986,90,1,0.0440,-0.5825,0.00526,TRACKING,0.000000,rad (Δpan per frame)
20261007_123156_B_2,3.0318,91,1,0.0425,-0.5877,0.00525,TRACKING,0.000000,rad (Δpan per frame)
20261007_123156_B_2,3.0653,92,1,0.0416,-0.5844,0.00530,TRACKING,0.000000,rad (Δpan per frame)
20261007_123156_B_2,3.0985,93,1,0.0398,-0.5836,0.00609,TRACKING,0.000000,rad (Δpan per frame)
20261007_123156_B_2,3.1320,94,1,0.0371,-0.5851,0.00627,TRACKING,0.000000,rad (Δpan per frame)
20261007_123156_B_2,3.1653,95,1,0.0364,-0.5841,0.00620,TRACKING,0.000000,rad (Δpan per frame)
20261007_123156_B_2,3.1985,96,1,0.0354,-0.5877,0.00639,TRACKING,0.000000,rad (Δpan per frame)
20261007_123156_B_2,3.2319,97,1,0.0369,-0.5858,0.00621,TRACKING,0.000000,rad (Δpan per frame)
20261007_123156_B_2,3.2654,98,1,0.0368,-0.5882,0.00612,TRACKING,0.000000,rad (Δpan per frame)
20261007_123156_B_2,3.2986,99,1,0.0375,-0.5869,0.00638,TRACKING,0.000000,rad (Δpan per frame)
20261007_123156_B_2,3.3321,100,1,0.0384,-0.5840,0.00636,TRACKING,0.000000,rad (Δpan per frame)
20261007_123156_B_2,3.3653,101,1,0.0386,-0.5844,0.00609,TRACKING,0.000000,rad (Δpan per frame)
20261007_123156_B_2,3.3990,102,1,0.0381,-0.5860,0.00609,TRACKING,0.000000,rad (Δpan per frame)
20261007_123156_B_2,3.4323,103,1,0.0379,-0.5885,0.00604,TRACKING,0.000000,rad (Δpan per frame)
20261007_123156_B_2,3.4652,104,1,0.0376,-0.5871,0.00630,TRACKING,0.000000,rad (Δpan per frame)
20261007_123156_B_2,3.4986,105,1,0.0375,-0.5848,0.00628,TRACKING,0.000000,rad (Δpan per frame)
20261007_123156_B_2,3.5323,106,1,0.0373,-0.5889,0.00627,TRACKING,0.000000,rad (Δpan per frame)
20261007_123156_B_2,3.5656,107,1,0.0370,-0.5875,0.00624,TRACKING,0.000000,rad (Δpan per frame)
20261007_123156_B_2,3.5988,108,1,0.0360,-0.5850,0.00621,TRACKING,0.000000,rad (Δpan per frame)
20261007_123156_B_2,3.6323,109,1,0.0364,-0.5850,0.00639,TRACKING,0.000000,rad (Δpan per frame)
20261007_123156_B_2,3.6657,110,1,0.0384,-0.5821,0.00621,TRACKING,0.000000,rad (Δpan per frame)
20261007_123156_B_2,3.6990,111,1,0.0375,-0.5836,0.00622,TRACKING,0.000000,rad (Δpan per frame)
20261007_123156_B_2,3.7324,112,1,0.0360,-0.5877,0.00617,TRACKING,0.000000,rad (Δpan per frame)
20261007_123156_B_2,3.7657,113,1,0.0368,-0.5864,0.00612,TRACKING,0.000000,rad (Δpan per frame)
20261007_123156_B_2,3.7991,114,1,0.0365,-0.5873,0.00635,TRACKING,0.000000,rad (Δpan per frame)
20261007_123156_B_2,3.8323,115,1,0.0362,-0.5821,0.00620,TRACKING,0.000000,rad (Δpan per frame)
20261007_123156_B_2,3.8657,116,1,0.0370,-0.5847,0.00615,TRACKING,0.000000,rad (Δpan per frame)
20261007_123156_B_2,3.8991,117,1,0.0440,-0.5849,0.00513,TRACKING,0.000000,rad (Δpan per frame)
20261007_123156_B_2,3.9325,118,1,0.0436,-0.5850,0.00527,TRACKING,0.000000,rad (Δpan per frame)
20261007_123156_B_2,3.9658,119,1,0.0447,-0.5875,0.00506,TRACKING,0.000000,rad (Δpan per frame)
20261007_123156_B_2,3.9992,120,1,0.0446,-0.5836,0.00506,TRACKING,0.000000,rad (Δpan per frame)
20261007_123156_B_2,4.0325,121,1,0.0435,-0.5868,0.00523,TRACKING,0.000000,rad (Δpan per frame)
20261007_123156_B_2,4.0660,122,1,0.0441,-0.5843,0.00515,TRACKING,0.000000,rad (Δpan per frame)
20261007_123156_B_2,4.0992,123,1,0.0407,-0.5867,0.00559,TRACKING,0.000000,rad (Δpan per frame)
20261007_123156_B_2,4.1328,124,1,0.0418,-0.5864,0.00546,TRACKING,0.000000,rad (Δpan per frame)
20261007_123156_B_2,4.1660,125,1,0.0437,-0.5844,0.00516,TRACKING,0.000000,rad (Δpan per frame)
20261007_123156_B_2,4.1994,126,1,0.0434,-0.5877,0.00526,TRACKING,0.000000,rad (Δpan per frame)
20261007_123156_B_2,4.2328,127,1,0.0419,-0.5884,0.00528,TRACKING,0.000000,rad (Δpan per frame)
20261007_123156_B_2,4.2660,128,1,0.0431,-0.5846,0.00524,TRACKING,0.000000,rad (Δpan per frame)
20261007_123156_B_2,4.2994,129,1,0.0422,-0.5881,0.00534,TRACKING,0.000000,rad (Δpan per frame)
20261007_123156_B_2,4.3328,130,1,0.0426,-0.5872,0.00530,TRACKING,0.000000,rad (Δpan per frame)
20261007_123156_B_2,4.3662,131,1,0.0444,-0.5841,0.00513,TRACKING,0.000000,rad (Δpan per frame)
20261007_123156_B_2,4.3998,132,1,0.0425,-0.5847,0.00540,TRACKING,0.000000,rad (Δpan per frame)
20261007_123156_B_2,4.4328,133,1,0.0447,-0.5837,0.00519,TRACKING,0.000000,rad (Δpan per frame)
20261007_123156_B_2,4.4666,134,1,0.0435,-0.5880,0.00503,TRACKING,0.000000,rad (Δpan per frame)
20261007_123156_B_2,4.4999,135,1,0.0433,-0.5880,0.00515,TRACKING,0.000000,rad (Δpan per frame)
20261007_123156_B_2,4.5331,136,1,0.0426,-0.5882,0.00527,TRACKING,0.000000,rad (Δpan per frame)
20261007_123156_B_2,4.5665,137,1,0.0434,-0.5858,0.00517,TRACKING,0.000000,rad (Δpan per frame)
20261007_123156_B_2,4.5998,138,1,0.0435,-0.5863,0.00517,TRACKING,0.000000,rad (Δpan per frame)
20261007_123156_B_2,4.6331,139,1,0.0422,-0.5876,0.00547,TRACKING,0.000000,rad (Δpan per frame)
20261007_123156_B_2,4.6666,140,1,0.0433,-0.5873,0.00533,TRACKING,0.000000,rad (Δpan per frame)
20261007_123156_B_2,4.6996,141,1,0.0428,-0.5872,0.00536,TRACKING,0.000000,rad (Δpan per frame)
20261007_123156_B_2,4.7331,142,1,0.0439,-0.5844,0.00523,TRACKING,0.000000,rad (Δpan per frame)
20261007_123156_B_2,4.7666,143,1,0.0428,-0.5840,0.00538,TRACKING,0.000000,rad (Δpan per frame)
20261007_123156_B_2,4.7997,144,1,0.0407,-0.5866,0.00549,TRACKING,0.000000,rad (Δpan per frame)
20261007_123156_B_2,4.8330,145,1,0.0434,-0.5855,0.00521,TRACKING,0.000000,rad (Δpan per frame)
20261007_123156_B_2,4.8667,146,1,0.0439,-0.5870,0.00522,TRACKING,0.000000,rad (Δpan per frame)
20261007_123156_B_2,4.8998,147,1,0.0452,-0.5841,0.00505,TRACKING,0.000000,rad (Δpan per frame)
20261007_123156_B_2,4.9331,148,1,0.0422,-0.5856,0.00552,TRACKING,0.000000,rad (Δpan per frame)
20261007_123156_B_2,4.9665,149,1,0.0434,-0.5869,0.00520,TRACKING,0.000000,rad (Δpan per frame)
20261007_123156_B_2,4.9999,150,1,0.0435,-0.5857,0.00523,TRACKING,0.000000,rad (Δpan per frame)
20261007_123156_B_2,5.0332,151,1,0.0435,-0.5862,0.00531,TRACKING,0.000000,rad (Δpan per frame)
20261007_123156_B_2,5.0667,152,1,0.0427,-0.5852,0.00528,TRACKING,0.000000,rad (Δpan per frame)
20261007_123156_B_2,5.0999,153,1,0.0411,-0.5868,0.00551,TRACKING,0.000000,rad (Δpan per frame)
20261007_123156_B_2,5.1332,154,1,0.0432,-0.5852,0.00521,TRACKING,0.000000,rad (Δpan per frame)
20261007_123156_B_2,5.1666,155,1,0.0423,-0.5839,0.00542,TRACKING,0.000000,rad (Δpan per frame)
20261007_123156_B_2,5.1995,156,1,0.0427,-0.5872,0.00532,TRACKING,0.000000,rad (Δpan per frame)
20261007_123156_B_2,5.2334,157,1,0.0439,-0.5855,0.00510,TRACKING,0.000000,rad (Δpan per frame)
20261007_123156_B_2,5.2666,158,1,0.0420,-0.5866,0.00540,TRACKING,0.000000,rad (Δpan per frame)
20261007_123156_B_2,5.3000,159,1,0.0415,-0.5880,0.00539,TRACKING,0.000000,rad (Δpan per frame)
20261007_123156_B_2,5.3333,160,1,0.0420,-0.5849,0.00549,TRACKING,0.000000,rad (Δpan per frame)
20261007_123156_B_2,5.3669,161,1,0.0421,-0.5848,0.00546,TRACKING,0.000000,rad (Δpan per frame)
20261007_123156_B_2,5.4003,162,1,0.0442,-0.5852,0.00518,TRACKING,0.000000,rad (Δpan per frame)
20261007_123156_B_2,5.4337,163,1,0.0438,-0.5824,0.00532,TRACKING,0.000000,rad (Δpan per frame)
20261007_123156_B_2,5.4668,164,1,0.0422,-0.5878,0.00535,TRACKING,0.000000,rad (Δpan per frame)
20261007_123156_B_2,5.5003,165,1,0.0432,-0.5850,0.00534,TRACKING,0.000000,rad (Δpan per frame)
20261007_123156_B_2,5.5336,166,1,0.0427,-0.5859,0.00523,TRACKING,0.000000,rad (Δpan per frame)
20261007_123156_B_2,5.5670,167,1,0.0433,-0.5853,0.00519,TRACKING,0.000000,rad (Δpan per frame)
20261007_123156_B_2,5.6002,168,1,0.0440,-0.5851,0.00519,TRACKING,0.000000,rad (Δpan per frame)
20261007_123156_B_2,5.6335,169,1,0.0427,-0.5895,0.00525,TRACKING,0.000000,rad (Δpan per frame)
20261007_123156_B_2,5.6670,170,1,0.0434,-0.5869,0.00525,TRACKING,0.000000,rad (Δpan per frame)
20261007_123156_B_2,5.7003,171,1,0.0431,-0.5848,0.00532,TRACKING,0.000000,rad (Δpan per frame)
20261007_123156_B_2,5.7336,172,1,0.0433,-0.5859,0.00533,TRACKING,0.000000,rad (Δpan per frame)
20261007_123156_B_2,5.7669,173,1,0.0428,-0.5870,0.00517,TRACKING,0.000000,rad (Δpan per frame)
20261007_123156_B_2,5.8004,174,1,0.0427,-0.5870,0.00527,TRACKING,0.000000,rad (Δpan per frame)
20261007_123156_B_2,5.8338,175,1,0.0423,-0.5866,0.00533,TRACKING,0.000000,rad (Δpan per frame)
20261007_123156_B_2,5.8671,176,1,0.0430,-0.5866,0.00525,TRACKING,0.000000,rad (Δpan per frame)
20261007_123156_B_2,5.9004,177,1,0.0435,-0.5862,0.00530,TRACKING,0.000000,rad (Δpan per frame)
20261007_123156_B_2,5.9340,178,1,0.0413,-0.5861,0.00538,TRACKING,0.000000,rad (Δpan per frame)
20261007_123156_B_2,5.9673,179,1,0.0431,-0.5855,0.00533,TRACKING,0.000000,rad (Δpan per frame)
20261007_123156_B_2,6.0004,180,1,0.0430,-0.5873,0.00524,TRACKING,0.000000,rad (Δpan per frame)
20261007_123156_B_2,6.0340,181,1,0.0421,-0.5889,0.00517,TRACKING,0.000000,rad (Δpan per frame)
20261007_123156_B_2,6.0674,182,1,0.0443,-0.5821,0.00511,TRACKING,0.000000,rad (Δpan per frame)
20261007_123156_B_2,6.1006,183,1,0.0434,-0.5868,0.00525,TRACKING,0.000000,rad (Δpan per frame)
20261007_123156_B_2,6.1341,184,1,0.0437,-0.5846,0.00524,TRACKING,0.000000,rad (Δpan per frame)
20261007_123156_B_2,6.1673,185,1,0.0435,-0.5848,0.00518,TRACKING,0.000000,rad (Δpan per frame)
20261007_123156_B_2,6.2006,186,1,0.0440,-0.5870,0.00526,TRACKING,0.000000,rad (Δpan per frame)
20261007_123156_B_2,6.2341,187,1,0.0432,-0.5853,0.00517,TRACKING,0.000000,rad (Δpan per frame)
20261007_123156_B_2,6.2674,188,1,0.0427,-0.5867,0.00538,TRACKING,0.000000,rad (Δpan per frame)
20261007_123156_B_2,6.3006,189,1,0.0419,-0.5862,0.00529,TRACKING,0.000000,rad (Δpan per frame)
20261007_123156_B_2,6.3341,190,1,0.0427,-0.5849,0.00538,TRACKING,0.000000,rad (Δpan per frame)
20261007_123156_B_2,6.3673,191,1,0.0432,-0.5871,0.00528,TRACKING,0.000000,rad (Δpan per frame)
20261007_123156_B_2,6.4009,192,1,0.0431,-0.5839,0.00534,TRACKING,0.000000,rad (Δpan per frame)
20261007_123156_B_2,6.4343,193,1,0.0413,-0.5887,0.00555,TRACKING,0.000000,rad (Δpan per frame)
20261007_123156_B_2,6.4671,194,1,0.0437,-0.5879,0.00519,TRACKING,0.000000,rad (Δpan per frame)
20261007_123156_B_2,6.5008,195,1,0.0434,-0.5844,0.00520,TRACKING,0.000000,rad (Δpan per frame)
20261007_123156_B_2,6.5343,196,1,0.0439,-0.5851,0.00506,TRACKING,0.000000,rad (Δpan per frame)
20261007_123156_B_2,6.5675,197,1,0.0424,-0.5891,0.00527,TRACKING,0.000000,rad (Δpan per frame)
20261007_123156_B_2,6.6010,198,1,0.0427,-0.5846,0.00520,TRACKING,0.000000,rad (Δpan per frame)
20261007_123156_B_2,6.6344,199,1,0.0436,-0.5883,0.00526,TRACKING,0.000000,rad (Δpan per frame)
20261007_123156_B_2,6.6677,200,1,0.0429,-0.5869,0.00531,TRACKING,0.000000,rad (Δpan per frame)
20261007_123156_B_2,6.7010,201,1,0.0429,-0.5845,0.00516,TRACKING,0.000000,rad (Δpan per frame)
20261007_123156_B_2,6.7344,202,1,0.0431,-0.5867,0.00525,TRACKING,0.000000,rad (Δpan per frame)
20261007_123156_B_2,6.7680,203,1,0.0425,-0.5875,0.00527,TRACKING,0.000000,rad (Δpan per frame)
20261007_123156_B_2,6.8008,204,1,0.0445,-0.5852,0.00510,TRACKING,0.000000,rad (Δpan per frame)
20261007_123156_B_2,6.8344,205,1,0.0415,-0.5877,0.00538,TRACKING,0.000000,rad (Δpan per frame)
20261007_123156_B_2,6.8679,206,1,0.0430,-0.5868,0.00530,TRACKING,0.000000,rad (Δpan per frame)
20261007_123156_B_2,6.9012,207,1,0.0446,-0.5859,0.00505,TRACKING,0.000000,rad (Δpan per frame)
20261007_123156_B_2,6.9346,208,1,0.0418,-0.5854,0.00552,TRACKING,0.000000,rad (Δpan per frame)
20261007_123156_B_2,6.9681,209,1,0.0439,-0.5834,0.00511,TRACKING,0.000000,rad (Δpan per frame)
20261007_123156_B_2,7.0014,210,1,0.0437,-0.5845,0.00511,TRACKING,0.000000,rad (Δpan per frame)
20261007_123156_B_2,7.0346,211,1,0.0430,-0.5872,0.00523,TRACKING,0.000000,rad (Δpan per frame)
20261007_123156_B_2,7.0680,212,1,0.0411,-0.5912,0.00533,TRACKING,0.000000,rad (Δpan per frame)
20261007_123156_B_2,7.1014,213,1,0.0415,-0.5858,0.00549,TRACKING,0.000000,rad (Δpan per frame)
20261007_123156_B_2,7.1347,214,1,0.0446,-0.5838,0.00496,TRACKING,0.000000,rad (Δpan per frame)
20261007_123156_B_2,7.1680,215,1,0.0432,-0.5865,0.00512,TRACKING,0.000000,rad (Δpan per frame)
20261007_123156_B_2,7.2014,216,1,0.0429,-0.5836,0.00531,TRACKING,0.000000,rad (Δpan per frame)
20261007_123156_B_2,7.2347,217,1,0.0438,-0.5866,0.00513,TRACKING,0.000000,rad (Δpan per frame)
20261007_123156_B_2,7.2681,218,1,0.0429,-0.5842,0.00530,TRACKING,0.000000,rad (Δpan per frame)
20261007_123156_B_2,7.3014,219,1,0.0422,-0.5857,0.00543,TRACKING,0.000000,rad (Δpan per frame)
20261007_123156_B_2,7.3348,220,1,0.0434,-0.5870,0.00518,TRACKING,0.000000,rad (Δpan per frame)
20261007_123156_B_2,7.3684,221,1,0.0428,-0.5854,0.00528,TRACKING,0.000000,rad (Δpan per frame)
20261007_123156_B_2,7.4016,222,1,0.0431,-0.5856,0.00530,TRACKING,0.000000,rad (Δpan per frame)
20261007_123156_B_2,7.4350,223,1,0.0435,-0.5833,0.00516,TRACKING,0.000000,rad (Δpan per frame)
20261007_123156_B_2,7.4683,224,1,0.0439,-0.5883,0.00519,TRACKING,0.000000,rad (Δpan per frame)
20261007_123156_B_2,7.5017,225,1,0.0418,-0.5879,0.00534,TRACKING,0.000000,rad (Δpan per frame)
20261007_123156_B_2,7.5349,226,1,0.0421,-0.5851,0.00526,TRACKING,0.000000,rad (Δpan per frame)
20261007_123156_B_2,7.5683,227,1,0.0421,-0.5855,0.00550,TRACKING,0.000000,rad (Δpan per frame)
20261007_123156_B_2,7.6016,228,1,0.0416,-0.5861,0.00543,TRACKING,0.000000,rad (Δpan per frame)
20261007_123156_B_2,7.6350,229,1,0.0415,-0.5865,0.00541,TRACKING,0.000000,rad (Δpan per frame)
20261007_123156_B_2,7.6685,230,1,0.0423,-0.5863,0.00547,TRACKING,0.000000,rad (Δpan per frame)
20261007_123156_B_2,7.7018,231,1,0.0418,-0.5875,0.00540,TRACKING,0.000000,rad (Δpan per frame)
20261007_123156_B_2,7.7353,232,1,0.0419,-0.5878,0.00541,TRACKING,0.000000,rad (Δpan per frame)
20261007_123156_B_2,7.7685,233,1,0.0421,-0.5883,0.00527,TRACKING,0.000000,rad (Δpan per frame)
20261007_123156_B_2,7.8019,234,1,0.0421,-0.5831,0.00558,TRACKING,0.000000,rad (Δpan per frame)
20261007_123156_B_2,7.8353,235,1,0.0425,-0.5854,0.00532,TRACKING,0.000000,rad (Δpan per frame)
20261007_123156_B_2,7.8686,236,1,0.0419,-0.5865,0.00543,TRACKING,0.000000,rad (Δpan per frame)
20261007_123156_B_2,7.9021,237,1,0.0439,-0.5861,0.00524,TRACKING,0.000000,rad (Δpan per frame)
20261007_123156_B_2,7.9352,238,1,0.0441,-0.5837,0.00528,TRACKING,0.000000,rad (Δpan per frame)
20261007_123156_B_2,7.9686,239,1,0.0407,-0.5894,0.00545,TRACKING,0.000000,rad (Δpan per frame)
20261007_123156_B_2,8.0023,240,1,0.0438,-0.5850,0.00512,TRACKING,0.000000,rad (Δpan per frame)
20261007_123156_B_2,8.0354,241,1,0.0439,-0.5849,0.00525,TRACKING,0.000000,rad (Δpan per frame)
20261007_123156_B_2,8.0687,242,1,0.0420,-0.5834,0.00546,TRACKING,0.000000,rad (Δpan per frame)
20261007_123156_B_2,8.1021,243,1,0.0439,-0.5852,0.00523,TRACKING,0.000000,rad (Δpan per frame)
20261007_123156_B_2,8.1356,244,1,0.0421,-0.5867,0.00525,TRACKING,0.000000,rad (Δpan per frame)
20261007_123156_B_2,8.1690,245,1,0.0433,-0.5850,0.00541,TRACKING,0.000000,rad (Δpan per frame)
20261007_123156_B_2,8.2023,246,1,0.0438,-0.5829,0.00524,TRACKING,0.000000,rad (Δpan per frame)
20261007_123156_B_2,8.2355,247,1,0.0437,-0.5867,0.00514,TRACKING,0.000000,rad (Δpan per frame)
20261007_123156_B_2,8.2690,248,1,0.0416,-0.5849,0.00551,TRACKING,0.000000,rad (Δpan per frame)
20261007_123156_B_2,8.3024,249,1,0.0442,-0.5877,0.00513,TRACKING,0.000000,rad (Δpan per frame)
20261007_123156_B_2,8.3356,250,1,0.0433,-0.5831,0.00526,TRACKING,0.000000,rad (Δpan per frame)
20261007_123156_B_2,8.3689,251,1,0.0412,-0.5878,0.00548,TRACKING,0.000000,rad (Δpan per frame)
20261007_123156_B_2,8.4025,252,1,0.0433,-0.5878,0.00508,TRACKING,0.000000,rad (Δpan per frame)
20261007_123156_B_2,8.4358,253,1,0.0432,-0.5837,0.00521,TRACKING,0.000000,rad (Δpan per frame)
20261007_123156_B_2,8.4692,254,1,0.0434,-0.5858,0.00518,TRACKING,0.000000,rad (Δpan per frame)
20261007_123156_B_2,8.5026,255,1,0.0418,-0.5861,0.00552,TRACKING,0.000000,rad (Δpan per frame)
20261007_123156_B_2,8.5359,256,1,0.0427,-0.5865,0.00528,TRACKING,0.000000,rad (Δpan per frame)
20261007_123156_B_2,8.5693,257,1,0.0421,-0.5850,0.00543,TRACKING,0.000000,rad (Δpan per frame)
20261007_123156_B_2,8.6026,258,1,0.0426,-0.5878,0.00539,TRACKING,0.000000,rad (Δpan per frame)
20261007_123156_B_2,8.6359,259,1,0.0433,-0.5840,0.00515,TRACKING,0.000000,rad (Δpan per frame)
20261007_123156_B_2,8.6693,260,1,0.0423,-0.5870,0.00527,TRACKING,0.000000,rad (Δpan per frame)
20261007_123156_B_2,8.7029,261,1,0.0431,-0.5860,0.00533,TRACKING,0.000000,rad (Δpan per frame)
20261007_123156_B_2,8.7359,262,1,0.0437,-0.5841,0.00523,TRACKING,0.000000,rad (Δpan per frame)
20261007_123156_B_2,8.7693,263,1,0.0427,-0.5825,0.00540,TRACKING,0.000000,rad (Δpan per frame)
20261007_123156_B_2,8.8023,264,1,0.0442,-0.5853,0.00520,TRACKING,0.000000,rad (Δpan per frame)
20261007_123156_B_2,8.8362,265,1,0.0423,-0.5873,0.00543,TRACKING,0.000000,rad (Δpan per frame)
20261007_123156_B_2,8.8693,266,1,0.0425,-0.5849,0.00526,TRACKING,0.000000,rad (Δpan per frame)
20261007_123156_B_2,8.9028,267,1,0.0445,-0.5859,0.00515,TRACKING,0.000000,rad (Δpan per frame)
20261007_123156_B_2,8.9363,268,1,0.0441,-0.5863,0.00511,TRACKING,0.000000,rad (Δpan per frame)
20261007_123156_B_2,8.9696,269,1,0.0410,-0.5848,0.00547,TRACKING,0.000000,rad (Δpan per frame)
20261007_123156_B_2,9.0029,270,1,0.0439,-0.5852,0.00515,TRACKING,0.000000,rad (Δpan per frame)
20261007_123156_B_2,9.0364,271,1,0.0441,-0.5851,0.00512,TRACKING,0.000000,rad (Δpan per frame)
20261007_123156_B_2,9.0697,272,1,0.0430,-0.5811,0.00516,TRACKING,0.000000,rad (Δpan per frame)
20261007_123156_B_2,9.1030,273,1,0.0438,-0.5865,0.00511,TRACKING,0.000000,rad (Δpan per frame)
20261007_123156_B_2,9.1363,274,1,0.0436,-0.5863,0.00522,TRACKING,0.000000,rad (Δpan per frame)
20261007_123156_B_2,9.1696,275,1,0.0431,-0.5860,0.00520,TRACKING,0.000000,rad (Δpan per frame)
20261007_123156_B_2,9.2032,276,1,0.0438,-0.5864,0.00514,TRACKING,0.000000,rad (Δpan per frame)
20261007_123156_B_2,9.2365,277,1,0.0431,-0.5853,0.00524,TRACKING,0.000000,rad (Δpan per frame)
20261007_123156_B_2,9.2696,278,1,0.0435,-0.5826,0.00529,TRACKING,0.000000,rad (Δpan per frame)
20261007_123156_B_2,9.3030,279,1,0.0433,-0.5842,0.00531,TRACKING,0.000000,rad (Δpan per frame)
20261007_123156_B_2,9.3364,280,1,0.0428,-0.5830,0.00525,TRACKING,0.000000,rad (Δpan per frame)
20261007_123156_B_2,9.3699,281,1,0.0426,-0.5874,0.00528,TRACKING,0.000000,rad (Δpan per frame)
20261007_123156_B_2,9.4031,282,1,0.0420,-0.5874,0.00535,TRACKING,0.000000,rad (Δpan per frame)
20261007_123156_B_2,9.4369,283,1,0.0429,-0.5856,0.00534,TRACKING,0.000000,rad (Δpan per frame)
20261007_123156_B_2,9.4702,284,1,0.0433,-0.5858,0.00520,TRACKING,0.000000,rad (Δpan per frame)
20261007_123156_B_2,9.5034,285,1,0.0420,-0.5863,0.00535,TRACKING,0.000000,rad (Δpan per frame)
20261007_123156_B_2,9.5367,286,1,0.0409,-0.5873,0.00543,TRACKING,0.000000,rad (Δpan per frame)
20261007_123156_B_2,9.5702,287,1,0.0433,-0.5859,0.00515,TRACKING,0.000000,rad (Δpan per frame)
20261007_123156_B_2,9.6036,288,1,0.0414,-0.5873,0.00551,TRACKING,0.000000,rad (Δpan per frame)
20261007_123156_B_2,9.6368,289,1,0.0448,-0.5865,0.00524,TRACKING,0.000000,rad (Δpan per frame)
20261007_123156_B_2,9.6702,290,1,0.0446,-0.5862,0.00545,TRACKING,0.000000,rad (Δpan per frame)
20261007_123156_B_2,9.7035,291,1,0.0473,-0.5829,0.00516,TRACKING,0.000000,rad (Δpan per frame)
20261007_123156_B_2,9.7369,292,1,0.0472,-0.5821,0.00518,TRACKING,0.000000,rad (Δpan per frame)
20261007_123156_B_2,9.7701,293,1,0.0453,-0.5877,0.00562,TRACKING,0.000000,rad (Δpan per frame)
20261007_123156_B_2,9.8036,294,1,0.0457,-0.5844,0.00522,TRACKING,0.000000,rad (Δpan per frame)
20261007_123156_B_2,9.8370,295,1,0.0457,-0.5821,0.00549,TRACKING,0.000000,rad (Δpan per frame)
20261007_123156_B_2,9.8703,296,1,0.0460,-0.5855,0.00537,TRACKING,0.000000,rad (Δpan per frame)
20261007_123156_B_2,9.9038,297,1,0.0452,-0.5882,0.00545,TRACKING,0.000000,rad (Δpan per frame)
20261007_123156_B_2,9.9370,298,1,0.0447,-0.5841,0.00540,TRACKING,0.000000,rad (Δpan per frame)
20261007_123156_B_2,9.9702,299,1,0.0458,-0.5858,0.00540,TRACKING,0.000000,rad (Δpan per frame)
20261007_123156_B_2,10.0037,300,1,0.0453,-0.5855,0.00527,TRACKING,0.000000,rad (Δpan per frame)
20261007_123156_B_2,10.0369,301,1,0.0442,-0.5893,0.00555,TRACKING,0.000000,rad (Δpan per frame)
20261007_123156_B_2,10.0703,302,1,0.0459,-0.5829,0.00525,TRACKING,0.000000,rad (Δpan per frame)
20261007_123156_B_2,10.1037,303,1,0.0459,-0.5842,0.00536,TRACKING,0.000000,rad (Δpan per frame)
20261007_123156_B_2,10.1369,304,1,0.0462,-0.5847,0.00513,TRACKING,0.000000,rad (Δpan per frame)
20261007_123156_B_2,10.1705,305,1,0.0455,-0.5905,0.00536,TRACKING,0.000000,rad (Δpan per frame)
20261007_123156_B_2,10.2038,306,1,0.0467,-0.5846,0.00500,TRACKING,0.000000,rad (Δpan per frame)
20261007_123156_B_2,10.2372,307,1,0.0479,-0.5843,0.00511,TRACKING,0.000000,rad (Δpan per frame)
20261007_123156_B_2,10.2704,308,1,0.0474,-0.5858,0.00505,TRACKING,0.000000,rad (Δpan per frame)
20261007_123156_B_2,10.3039,309,1,0.0472,-0.5837,0.00505,TRACKING,0.000000,rad (Δpan per frame)
20261007_123156_B_2,10.3372,310,1,0.0469,-0.5841,0.00518,TRACKING,0.000000,rad (Δpan per frame)
20261007_123156_B_2,10.3707,311,1,0.0469,-0.5840,0.00501,TRACKING,0.000000,rad (Δpan per frame)
20261007_123156_B_2,10.4040,312,1,0.0454,-0.5835,0.00517,TRACKING,0.000000,rad (Δpan per frame)
20261007_123156_B_2,10.4373,313,1,0.0450,-0.5812,0.00527,TRACKING,0.000000,rad (Δpan per frame)
20261007_123156_B_2,10.4708,314,1,0.0466,-0.5848,0.00501,TRACKING,0.000000,rad (Δpan per frame)
20261007_123156_B_2,10.5040,315,1,0.0465,-0.5824,0.00507,TRACKING,0.000000,rad (Δpan per frame)
20261007_123156_B_2,10.5374,316,1,0.0469,-0.5847,0.00519,TRACKING,0.000000,rad (Δpan per frame)
20261007_123156_B_2,10.5707,317,1,0.0467,-0.5865,0.00540,TRACKING,0.000000,rad (Δpan per frame)
20261007_123156_B_2,10.6040,318,1,0.0452,-0.5829,0.00524,TRACKING,0.000000,rad (Δpan per frame)
20261007_123156_B_2,10.6375,319,1,0.0469,-0.5829,0.00507,TRACKING,0.000000,rad (Δpan per frame)
20261007_123156_B_2,10.6709,320,1,0.0475,-0.5848,0.00520,TRACKING,0.000000,rad (Δpan per frame)
20261007_123156_B_2,10.7042,321,1,0.0467,-0.5847,0.00504,TRACKING,0.000000,rad (Δpan per frame)
20261007_123156_B_2,10.7375,322,1,0.0472,-0.5858,0.00514,TRACKING,0.000000,rad (Δpan per frame)
20261007_123156_B_2,10.7707,323,1,0.0471,-0.5865,0.00512,TRACKING,0.000000,rad (Δpan per frame)
20261007_123156_B_2,10.8044,324,1,0.0447,-0.5824,0.00534,TRACKING,0.000000,rad (Δpan per frame)
20261007_123156_B_2,10.8374,325,1,0.0461,-0.5841,0.00519,TRACKING,0.000000,rad (Δpan per frame)
20261007_123156_B_2,10.8710,326,1,0.0465,-0.5817,0.00515,TRACKING,0.000000,rad (Δpan per frame)
20261007_123156_B_2,10.9044,327,1,0.0466,-0.5878,0.00511,TRACKING,0.000000,rad (Δpan per frame)
20261007_123156_B_2,10.9377,328,1,0.0458,-0.5859,0.00519,TRACKING,0.000000,rad (Δpan per frame)
20261007_123156_B_2,10.9710,329,1,0.0465,-0.5835,0.00516,TRACKING,0.000000,rad (Δpan per frame)
20261007_123156_B_2,11.0044,330,1,0.0452,-0.5852,0.00520,TRACKING,0.000000,rad (Δpan per frame)
20261007_123156_B_2,11.0377,331,1,0.0463,-0.5856,0.00507,TRACKING,0.000000,rad (Δpan per frame)
20261007_123156_B_2,11.0711,332,1,0.0472,-0.5828,0.00510,TRACKING,0.000000,rad (Δpan per frame)
20261007_123156_B_2,11.1045,333,1,0.0467,-0.5853,0.00505,TRACKING,0.000000,rad (Δpan per frame)
20261007_123156_B_2,11.1378,334,1,0.0468,-0.5848,0.00522,TRACKING,0.000000,rad (Δpan per frame)
20261007_123156_B_2,11.1713,335,1,0.0485,-0.5875,0.00508,TRACKING,0.000000,rad (Δpan per frame)
20261007_123156_B_2,11.2045,336,1,0.0470,-0.5846,0.00503,TRACKING,0.000000,rad (Δpan per frame)
20261007_123156_B_2,11.2379,337,1,0.0467,-0.5811,0.00515,TRACKING,0.000000,rad (Δpan per frame)
20261007_123156_B_2,11.2712,338,1,0.0459,-0.5812,0.00517,TRACKING,0.000000,rad (Δpan per frame)
20261007_123156_B_2,11.3047,339,1,0.0460,-0.5833,0.00513,TRACKING,0.000000,rad (Δpan per frame)
20261007_123156_B_2,11.3380,340,1,0.0469,-0.5846,0.00504,TRACKING,0.000000,rad (Δpan per frame)
20261007_123156_B_2,11.3715,341,1,0.0463,-0.5843,0.00501,TRACKING,0.000000,rad (Δpan per frame)
20261007_123156_B_2,11.4048,342,1,0.0464,-0.5865,0.00523,TRACKING,0.000000,rad (Δpan per frame)
20261007_123156_B_2,11.4380,343,1,0.0469,-0.5839,0.00505,TRACKING,0.000000,rad (Δpan per frame)
20261007_123156_B_2,11.4715,344,1,0.0474,-0.5842,0.00501,TRACKING,0.000000,rad (Δpan per frame)
20261007_123156_B_2,11.5048,345,1,0.0470,-0.5838,0.00506,TRACKING,0.000000,rad (Δpan per frame)
20261007_123156_B_2,11.5382,346,1,0.0477,-0.5831,0.00502,TRACKING,0.000000,rad (Δpan per frame)
20261007_123156_B_2,11.5715,347,1,0.0469,-0.5829,0.00498,TRACKING,0.000000,rad (Δpan per frame)
20261007_123156_B_2,11.6049,348,1,0.0466,-0.5851,0.00510,TRACKING,0.000000,rad (Δpan per frame)
20261007_123156_B_2,11.6381,349,1,0.0471,-0.5847,0.00515,TRACKING,0.000000,rad (Δpan per frame)
20261007_123156_B_2,11.6717,350,1,0.0464,-0.5836,0.00504,TRACKING,0.000000,rad (Δpan per frame)
20261007_123156_B_2,11.7049,351,1,0.0464,-0.5840,0.00518,TRACKING,0.000000,rad (Δpan per frame)
20261007_123156_B_2,11.7383,352,1,0.0466,-0.5827,0.00509,TRACKING,0.000000,rad (Δpan per frame)
20261007_123156_B_2,11.7715,353,1,0.0460,-0.5824,0.00515,TRACKING,0.000000,rad (Δpan per frame)
20261007_123156_B_2,11.8049,354,1,0.0461,-0.5826,0.00512,TRACKING,0.000000,rad (Δpan per frame)
20261007_123156_B_2,11.8382,355,1,0.0477,-0.5838,0.00500,TRACKING,0.000000,rad (Δpan per frame)
20261007_123156_B_2,11.8718,356,1,0.0462,-0.5866,0.00523,TRACKING,0.000000,rad (Δpan per frame)
20261007_123156_B_2,11.9050,357,1,0.0444,-0.5848,0.00535,TRACKING,0.000000,rad (Δpan per frame)
20261007_123156_B_2,11.9385,358,1,0.0471,-0.5847,0.00490,TRACKING,0.000000,rad (Δpan per frame)
20261007_123156_B_2,11.9718,359,1,0.0466,-0.5814,0.00515,TRACKING,0.000000,rad (Δpan per frame)
20261007_123156_B_2,12.0052,360,1,0.0464,-0.5836,0.00513,TRACKING,0.000000,rad (Δpan per frame)
20261007_123156_B_2,12.0386,361,1,0.0471,-0.5843,0.00529,TRACKING,0.000000,rad (Δpan per frame)
20261007_123156_B_2,12.0719,362,1,0.0473,-0.5857,0.00513,TRACKING,0.000000,rad (Δpan per frame)
20261007_123156_B_2,12.1052,363,1,0.0459,-0.5825,0.00523,TRACKING,0.000000,rad (Δpan per frame)
20261007_123156_B_2,12.1384,364,1,0.0465,-0.5821,0.00511,TRACKING,0.000000,rad (Δpan per frame)
20261007_123156_B_2,12.1717,365,1,0.0472,-0.5825,0.00511,TRACKING,0.000000,rad (Δpan per frame)
20261007_123156_B_2,12.2053,366,1,0.0463,-0.5834,0.00510,TRACKING,0.000000,rad (Δpan per frame)
20261007_123156_B_2,12.2387,367,1,0.0474,-0.5854,0.00513,TRACKING,0.000000,rad (Δpan per frame)
20261007_123156_B_2,12.2720,368,1,0.0469,-0.5831,0.00508,TRACKING,0.000000,rad (Δpan per frame)
20261007_123156_B_2,12.3054,369,1,0.0466,-0.5843,0.00509,TRACKING,0.000000,rad (Δpan per frame)
20261007_123156_B_2,12.3388,370,1,0.0476,-0.5845,0.00509,TRACKING,0.000000,rad (Δpan per frame)
20261007_123156_B_2,12.3721,371,1,0.0464,-0.5845,0.00522,TRACKING,0.000000,rad (Δpan per frame)
20261007_123156_B_2,12.4056,372,1,0.0461,-0.5824,0.00519,TRACKING,0.000000,rad (Δpan per frame)
20261007_123156_B_2,12.4388,373,1,0.0467,-0.5854,0.00514,TRACKING,0.000000,rad (Δpan per frame)
20261007_123156_B_2,12.4723,374,1,0.0466,-0.5840,0.00504,TRACKING,0.000000,rad (Δpan per frame)
20261007_123156_B_2,12.5056,375,1,0.0464,-0.5825,0.00512,TRACKING,0.000000,rad (Δpan per frame)
20261007_123156_B_2,12.5389,376,1,0.0468,-0.5850,0.00521,TRACKING,0.000000,rad (Δpan per frame)
20261007_123156_B_2,12.5723,377,1,0.0467,-0.5820,0.00512,TRACKING,0.000000,rad (Δpan per frame)
20261007_123156_B_2,12.6057,378,1,0.0455,-0.5833,0.00525,TRACKING,0.000000,rad (Δpan per frame)
20261007_123156_B_2,12.6390,379,1,0.0462,-0.5850,0.00517,TRACKING,0.000000,rad (Δpan per frame)
20261007_123156_B_2,12.6724,380,1,0.0475,-0.5870,0.00516,TRACKING,0.000000,rad (Δpan per frame)
20261007_123156_B_2,12.7058,381,1,0.0463,-0.5841,0.00498,TRACKING,0.000000,rad (Δpan per frame)
20261007_123156_B_2,12.7393,382,1,0.0461,-0.5827,0.00505,TRACKING,0.000000,rad (Δpan per frame)
20261007_123156_B_2,12.7724,383,1,0.0464,-0.5839,0.00514,TRACKING,0.000000,rad (Δpan per frame)
20261007_123156_B_2,12.8059,384,1,0.0472,-0.5846,0.00514,TRACKING,0.000000,rad (Δpan per frame)
20261007_123156_B_2,12.8392,385,1,0.0481,-0.5821,0.00507,TRACKING,0.000000,rad (Δpan per frame)
20261007_123156_B_2,12.8725,386,1,0.0471,-0.5850,0.00532,TRACKING,0.000000,rad (Δpan per frame)
20261007_123156_B_2,12.9059,387,1,0.0452,-0.5858,0.00509,TRACKING,0.000000,rad (Δpan per frame)
20261007_123156_B_2,12.9393,388,1,0.0463,-0.5850,0.00526,TRACKING,0.000000,rad (Δpan per frame)
20261007_123156_B_2,12.9727,389,1,0.0466,-0.5857,0.00533,TRACKING,0.000000,rad (Δpan per frame)
20261007_123156_B_2,13.0059,390,1,0.0443,-0.5846,0.00540,TRACKING,0.000000,rad (Δpan per frame)
20261007_123156_B_2,13.0393,391,1,0.0461,-0.5831,0.00516,TRACKING,0.000000,rad (Δpan per frame)
20261007_123156_B_2,13.0726,392,1,0.0463,-0.5836,0.00517,TRACKING,0.000000,rad (Δpan per frame)
20261007_123156_B_2,13.1059,393,1,0.0466,-0.5816,0.00512,TRACKING,0.000000,rad (Δpan per frame)
20261007_123156_B_2,13.1394,394,1,0.0465,-0.5857,0.00509,TRACKING,0.000000,rad (Δpan per frame)
20261007_123156_B_2,13.1727,395,1,0.0473,-0.5863,0.00512,TRACKING,0.000000,rad (Δpan per frame)
20261007_123156_B_2,13.2064,396,1,0.0470,-0.5837,0.00515,TRACKING,0.000000,rad (Δpan per frame)
20261007_123156_B_2,13.2394,397,1,0.0466,-0.5807,0.00513,TRACKING,0.000000,rad (Δpan per frame)
20261007_123156_B_2,13.2727,398,1,0.0465,-0.5835,0.00505,TRACKING,0.000000,rad (Δpan per frame)
20261007_123156_B_2,13.3063,399,1,0.0478,-0.5841,0.00510,TRACKING,0.000000,rad (Δpan per frame)
20261007_123156_B_2,13.3395,400,1,0.0485,-0.5867,0.00506,TRACKING,0.000000,rad (Δpan per frame)
20261007_123156_B_2,13.3732,401,1,0.0468,-0.5844,0.00518,TRACKING,0.000000,rad (Δpan per frame)
20261007_123156_B_2,13.4064,402,1,0.0468,-0.5876,0.00507,TRACKING,0.000000,rad (Δpan per frame)
20261007_123156_B_2,13.4395,403,1,0.0466,-0.5870,0.00519,TRACKING,0.000000,rad (Δpan per frame)
20261007_123156_B_2,13.4731,404,1,0.0468,-0.5861,0.00499,TRACKING,0.000000,rad (Δpan per frame)
20261007_123156_B_2,13.5065,405,1,0.0470,-0.5880,0.00504,TRACKING,0.000000,rad (Δpan per frame)
20261007_123156_B_2,13.5397,406,1,0.0485,-0.5844,0.00501,TRACKING,0.000000,rad (Δpan per frame)
20261007_123156_B_2,13.5730,407,1,0.0471,-0.5831,0.00508,TRACKING,0.000000,rad (Δpan per frame)
20261007_123156_B_2,13.6066,408,1,0.0472,-0.5848,0.00497,TRACKING,0.000000,rad (Δpan per frame)
20261007_123156_B_2,13.6398,409,1,0.0464,-0.5835,0.00510,TRACKING,0.000000,rad (Δpan per frame)
20261007_123156_B_2,13.6732,410,1,0.0479,-0.5873,0.00513,TRACKING,0.000000,rad (Δpan per frame)
20261007_123156_B_2,13.7065,411,1,0.0474,-0.5837,0.00519,TRACKING,0.000000,rad (Δpan per frame)
20261007_123156_B_2,13.7398,412,1,0.0472,-0.5843,0.00501,TRACKING,0.000000,rad (Δpan per frame)
20261007_123156_B_2,13.7733,413,1,0.0468,-0.5826,0.00506,TRACKING,0.000000,rad (Δpan per frame)
20261007_123156_B_2,13.8065,414,1,0.0473,-0.5817,0.00498,TRACKING,0.000000,rad (Δpan per frame)
20261007_123156_B_2,13.8399,415,1,0.0465,-0.5844,0.00509,TRACKING,0.000000,rad (Δpan per frame)
20261007_123156_B_2,13.8733,416,1,0.0471,-0.5852,0.00493,TRACKING,0.000000,rad (Δpan per frame)
20261007_123156_B_2,13.9066,417,1,0.0465,-0.5853,0.00511,TRACKING,0.000000,rad (Δpan per frame)
20261007_123156_B_2,13.9401,418,1,0.0468,-0.5845,0.00516,TRACKING,0.000000,rad (Δpan per frame)
20261007_123156_B_2,13.9734,419,1,0.0466,-0.5819,0.00505,TRACKING,0.000000,rad (Δpan per frame)
20261007_123156_B_2,14.0064,420,1,0.0465,-0.5873,0.00497,TRACKING,0.000000,rad (Δpan per frame)
20261007_123156_B_2,14.0394,421,1,0.0458,-0.5873,0.00507,TRACKING,0.000000,rad (Δpan per frame)
20261007_123156_B_2,14.0734,422,1,0.0461,-0.5831,0.00513,TRACKING,0.000000,rad (Δpan per frame)
20261007_123156_B_2,14.1065,423,1,0.0471,-0.5847,0.00503,TRACKING,0.000000,rad (Δpan per frame)
20261007_123156_B_2,14.1399,424,1,0.0465,-0.5837,0.00509,TRACKING,0.000000,rad (Δpan per frame)
20261007_123156_B_2,14.1735,425,1,0.0466,-0.5831,0.00503,TRACKING,0.000000,rad (Δpan per frame)
20261007_123156_B_2,14.2061,426,1,0.0472,-0.5856,0.00511,TRACKING,0.000000,rad (Δpan per frame)
20261007_123156_B_2,14.2399,427,1,0.0462,-0.5837,0.00518,TRACKING,0.000000,rad (Δpan per frame)
20261007_123156_B_2,14.2738,428,1,0.0463,-0.5865,0.00505,TRACKING,0.000000,rad (Δpan per frame)
20261007_123156_B_2,14.3069,429,1,0.0468,-0.5842,0.00505,TRACKING,0.000000,rad (Δpan per frame)
20261007_123156_B_2,14.3403,430,1,0.0476,-0.5850,0.00520,TRACKING,0.000000,rad (Δpan per frame)
20261007_123156_B_2,14.3736,431,1,0.0480,-0.5859,0.00511,TRACKING,0.000000,rad (Δpan per frame)
20261007_123156_B_2,14.4071,432,1,0.0482,-0.5863,0.00519,TRACKING,0.000000,rad (Δpan per frame)
20261007_123156_B_2,14.4403,433,1,0.0494,-0.5861,0.00530,TRACKING,0.000000,rad (Δpan per frame)
20261007_123156_B_2,14.4738,434,1,0.0487,-0.5859,0.00494,TRACKING,0.000000,rad (Δpan per frame)
20261007_123156_B_2,14.5071,435,1,0.0472,-0.5835,0.00514,TRACKING,0.000000,rad (Δpan per frame)
20261007_123156_B_2,14.5405,436,1,0.0486,-0.5880,0.00525,TRACKING,0.000000,rad (Δpan per frame)
20261007_123156_B_2,14.5739,437,1,0.0473,-0.5850,0.00510,TRACKING,0.000000,rad (Δpan per frame)
20261007_123156_B_2,14.6073,438,1,0.0483,-0.5834,0.00505,TRACKING,0.000000,rad (Δpan per frame)
20261007_123156_B_2,14.6406,439,1,0.0471,-0.5846,0.00499,TRACKING,0.000000,rad (Δpan per frame)
20261007_123156_B_2,14.6739,440,1,0.0475,-0.5861,0.00498,TRACKING,0.000000,rad (Δpan per frame)
20261007_123156_B_2,14.7072,441,1,0.0474,-0.5856,0.00493,TRACKING,0.000000,rad (Δpan per frame)
20261007_123156_B_2,14.7405,442,1,0.0473,-0.5860,0.00487,TRACKING,0.000000,rad (Δpan per frame)
20261007_123156_B_2,14.7740,443,1,0.0483,-0.5845,0.00490,TRACKING,0.000000,rad (Δpan per frame)
20261007_123156_B_2,14.8075,444,1,0.0474,-0.5854,0.00532,TRACKING,0.000000,rad (Δpan per frame)
20261007_123156_B_2,14.8407,445,1,0.0473,-0.5858,0.00498,TRACKING,0.000000,rad (Δpan per frame)
20261007_123156_B_2,14.8740,446,1,0.0475,-0.5836,0.00495,TRACKING,0.000000,rad (Δpan per frame)
20261007_123156_B_2,14.9069,447,1,0.0474,-0.5842,0.00515,TRACKING,0.000000,rad (Δpan per frame)
20261007_123156_B_2,14.9403,448,1,0.0468,-0.5844,0.00513,TRACKING,0.000000,rad (Δpan per frame)
20261007_123156_B_2,14.9741,449,1,0.0470,-0.5842,0.00502,TRACKING,0.000000,rad (Δpan per frame)
20261007_123156_B_2,15.0072,450,1,0.0482,-0.5874,0.00517,TRACKING,0.000000,rad (Δpan per frame)
20261007_123156_B_2,15.0406,451,1,0.0469,-0.5824,0.00508,TRACKING,0.000000,rad (Δpan per frame)
20261007_123156_B_2,15.0742,452,1,0.0467,-0.5829,0.00508,TRACKING,0.000000,rad (Δpan per frame)
20261007_123156_B_2,15.1074,453,1,0.0458,-0.5877,0.00537,TRACKING,0.000000,rad (Δpan per frame)
20261007_123156_B_2,15.1402,454,1,0.0473,-0.5859,0.00538,TRACKING,0.000000,rad (Δpan per frame)
20261007_123156_B_2,15.1742,455,1,0.0481,-0.5828,0.00508,TRACKING,0.000000,rad (Δpan per frame)
20261007_123156_B_2,15.2073,456,1,0.0471,-0.5866,0.00538,TRACKING,0.000000,rad (Δpan per frame)
20261007_123156_B_2,15.2407,457,1,0.0472,-0.5854,0.00510,TRACKING,0.000000,rad (Δpan per frame)
20261007_123156_B_2,15.2743,458,1,0.0477,-0.5859,0.00525,TRACKING,0.000000,rad (Δpan per frame)
20261007_123156_B_2,15.3077,459,1,0.0481,-0.5845,0.00514,TRACKING,0.000000,rad (Δpan per frame)
20261007_123156_B_2,15.3408,460,1,0.0491,-0.5848,0.00521,TRACKING,0.000000,rad (Δpan per frame)
20261007_123156_B_2,15.3742,461,1,0.0490,-0.5884,0.00529,TRACKING,0.000000,rad (Δpan per frame)
20261007_123156_B_2,15.4075,462,1,0.0484,-0.5843,0.00507,TRACKING,0.000000,rad (Δpan per frame)
20261007_123156_B_2,15.4408,463,1,0.0464,-0.5847,0.00514,TRACKING,0.000000,rad (Δpan per frame)
20261007_123156_B_2,15.4741,464,1,0.0484,-0.5849,0.00525,TRACKING,0.000000,rad (Δpan per frame)
20261007_123156_B_2,15.5076,465,1,0.0477,-0.5841,0.00499,TRACKING,0.000000,rad (Δpan per frame)
20261007_123156_B_2,15.5409,466,1,0.0477,-0.5834,0.00504,TRACKING,0.000000,rad (Δpan per frame)
20261007_123156_B_2,15.5745,467,1,0.0494,-0.5871,0.00538,TRACKING,0.000000,rad (Δpan per frame)
20261007_123156_B_2,15.6077,468,1,0.0482,-0.5859,0.00525,TRACKING,0.000000,rad (Δpan per frame)
20261007_123156_B_2,15.6411,469,1,0.0483,-0.5821,0.00494,TRACKING,0.000000,rad (Δpan per frame)
20261007_123156_B_2,15.6745,470,1,0.0495,-0.5864,0.00533,TRACKING,0.000000,rad (Δpan per frame)
20261007_123156_B_2,15.7078,471,1,0.0490,-0.5873,0.00524,TRACKING,0.000000,rad (Δpan per frame)
20261007_123156_B_2,15.7412,472,1,0.0471,-0.5852,0.00504,TRACKING,0.000000,rad (Δpan per frame)
20261007_123156_B_2,15.7744,473,1,0.0480,-0.5844,0.00483,TRACKING,0.000000,rad (Δpan per frame)
20261007_123156_B_2,15.8077,474,1,0.0494,-0.5867,0.00534,TRACKING,0.000000,rad (Δpan per frame)
20261007_123156_B_2,15.8411,475,1,0.0475,-0.5835,0.00517,TRACKING,0.000000,rad (Δpan per frame)
20261007_123156_B_2,15.8746,476,1,0.0472,-0.5824,0.00512,TRACKING,0.000000,rad (Δpan per frame)
20261007_123156_B_2,15.9078,477,1,0.0491,-0.5873,0.00509,TRACKING,0.000000,rad (Δpan per frame)
20261007_123156_B_2,15.9413,478,1,0.0476,-0.5844,0.00512,TRACKING,0.000000,rad (Δpan per frame)
20261007_123156_B_2,15.9746,479,1,0.0475,-0.5856,0.00511,TRACKING,0.000000,rad (Δpan per frame)
20261007_123156_B_2,16.0080,480,1,0.0476,-0.5888,0.00540,TRACKING,0.000000,rad (Δpan per frame)
20261007_123156_B_2,16.0414,481,1,0.0464,-0.5885,0.00527,TRACKING,0.000000,rad (Δpan per frame)
20261007_123156_B_2,16.0748,482,1,0.0469,-0.5836,0.00527,TRACKING,0.000000,rad (Δpan per frame)
20261007_123156_B_2,16.1082,483,1,0.0451,-0.5850,0.00548,TRACKING,0.000000,rad (Δpan per frame)
20261007_123156_B_2,16.1415,484,1,0.0477,-0.5827,0.00527,TRACKING,0.000000,rad (Δpan per frame)
20261007_123156_B_2,16.1748,485,1,0.0457,-0.5874,0.00566,TRACKING,0.000000,rad (Δpan per frame)
20261007_123156_B_2,16.2083,486,1,0.0496,-0.5862,0.00534,TRACKING,0.000000,rad (Δpan per frame)
20261007_123156_B_2,16.2411,487,1,0.0470,-0.5869,0.00530,TRACKING,0.000000,rad (Δpan per frame)
20261007_123156_B_2,16.2748,488,1,0.0479,-0.5847,0.00512,TRACKING,0.000000,rad (Δpan per frame)
20261007_123156_B_2,16.3085,489,1,0.0459,-0.5818,0.00522,TRACKING,0.000000,rad (Δpan per frame)
20261007_123156_B_2,16.3415,490,1,0.0482,-0.5865,0.00539,TRACKING,0.000000,rad (Δpan per frame)
20261007_123156_B_2,16.3748,491,1,0.0470,-0.5875,0.00549,TRACKING,0.000000,rad (Δpan per frame)
20261007_123156_B_2,16.4085,492,1,0.0480,-0.5855,0.00543,TRACKING,0.000000,rad (Δpan per frame)
20261007_123156_B_2,16.4417,493,1,0.0469,-0.5854,0.00538,TRACKING,0.000000,rad (Δpan per frame)
20261007_123156_B_2,16.4751,494,1,0.0471,-0.5850,0.00518,TRACKING,0.000000,rad (Δpan per frame)
20261007_123156_B_2,16.5085,495,1,0.0492,-0.5874,0.00536,TRACKING,0.000000,rad (Δpan per frame)
20261007_123156_B_2,16.5419,496,1,0.0479,-0.5862,0.00522,TRACKING,0.000000,rad (Δpan per frame)
20261007_123156_B_2,16.5752,497,1,0.0485,-0.5867,0.00540,TRACKING,0.000000,rad (Δpan per frame)
20261007_123156_B_2,16.6085,498,1,0.0479,-0.5880,0.00550,TRACKING,0.000000,rad (Δpan per frame)
20261007_123156_B_2,16.6418,499,1,0.0486,-0.5834,0.00541,TRACKING,0.000000,rad (Δpan per frame)
20261007_123156_B_2,16.6755,500,1,0.0485,-0.5850,0.00550,TRACKING,0.000000,rad (Δpan per frame)
20261007_123156_B_2,16.7086,501,1,0.0458,-0.5864,0.00528,TRACKING,0.000000,rad (Δpan per frame)
20261007_123156_B_2,16.7422,502,1,0.0464,-0.5807,0.00520,TRACKING,0.000000,rad (Δpan per frame)
20261007_123156_B_2,16.7754,503,1,0.0472,-0.5900,0.00564,TRACKING,0.000000,rad (Δpan per frame)
20261007_123156_B_2,16.8088,504,1,0.0479,-0.5846,0.00557,TRACKING,0.000000,rad (Δpan per frame)
20261007_123156_B_2,16.8420,505,1,0.0465,-0.5849,0.00551,TRACKING,0.000000,rad (Δpan per frame)
20261007_123156_B_2,16.8754,506,1,0.0473,-0.5894,0.00560,TRACKING,0.000000,rad (Δpan per frame)
20261007_123156_B_2,16.9090,507,1,0.0465,-0.5814,0.00516,TRACKING,0.000000,rad (Δpan per frame)
20261007_123156_B_2,16.9424,508,1,0.0480,-0.5848,0.00533,TRACKING,0.000000,rad (Δpan per frame)
20261007_123156_B_2,16.9754,509,1,0.0470,-0.5857,0.00550,TRACKING,0.000000,rad (Δpan per frame)
20261007_123156_B_2,17.0089,510,1,0.0460,-0.5846,0.00568,TRACKING,0.000000,rad (Δpan per frame)
20261007_123156_B_2,17.0425,511,1,0.0467,-0.5858,0.00534,TRACKING,0.000000,rad (Δpan per frame)
20261007_123156_B_2,17.0755,512,1,0.0472,-0.5850,0.00540,TRACKING,0.000000,rad (Δpan per frame)
20261007_123156_B_2,17.1089,513,1,0.0467,-0.5856,0.00547,TRACKING,0.000000,rad (Δpan per frame)
20261007_123156_B_2,17.1423,514,1,0.0457,-0.5836,0.00539,TRACKING,0.000000,rad (Δpan per frame)
20261007_123156_B_2,17.1759,515,1,0.0462,-0.5856,0.00532,TRACKING,0.000000,rad (Δpan per frame)
20261007_123156_B_2,17.2089,516,1,0.0474,-0.5833,0.00524,TRACKING,0.000000,rad (Δpan per frame)
20261007_123156_B_2,17.2423,517,1,0.0462,-0.5839,0.00523,TRACKING,0.000000,rad (Δpan per frame)
20261007_123156_B_2,17.2757,518,1,0.0470,-0.5860,0.00540,TRACKING,0.000000,rad (Δpan per frame)
20261007_123156_B_2,17.3089,519,1,0.0468,-0.5853,0.00527,TRACKING,0.000000,rad (Δpan per frame)
20261007_123156_B_2,17.3425,520,1,0.0474,-0.5853,0.00535,TRACKING,0.000000,rad (Δpan per frame)
20261007_123156_B_2,17.3759,521,1,0.0464,-0.5864,0.00551,TRACKING,0.000000,rad (Δpan per frame)
20261007_123156_B_2,17.4093,522,1,0.0475,-0.5877,0.00540,TRACKING,0.000000,rad (Δpan per frame)
20261007_123156_B_2,17.4425,523,1,0.0440,-0.5845,0.00561,TRACKING,0.000000,rad (Δpan per frame)
20261007_123156_B_2,17.4758,524,1,0.0468,-0.5837,0.00538,TRACKING,0.000000,rad (Δpan per frame)
20261007_123156_B_2,17.5093,525,1,0.0463,-0.5811,0.00530,TRACKING,0.000000,rad (Δpan per frame)
20261007_123156_B_2,17.5428,526,1,0.0451,-0.5860,0.00567,TRACKING,0.000000,rad (Δpan per frame)
20261007_123156_B_2,17.5759,527,1,0.0460,-0.5870,0.00551,TRACKING,0.000000,rad (Δpan per frame)
20261007_123156_B_2,17.6093,528,1,0.0454,-0.5825,0.00526,TRACKING,0.000000,rad (Δpan per frame)
20261007_123156_B_2,17.6427,529,1,0.0463,-0.5883,0.00559,TRACKING,0.000000,rad (Δpan per frame)
20261007_123156_B_2,17.6760,530,1,0.0475,-0.5842,0.00524,TRACKING,0.000000,rad (Δpan per frame)
20261007_123156_B_2,17.7094,531,1,0.0479,-0.5874,0.00541,TRACKING,0.000000,rad (Δpan per frame)
20261007_123156_B_2,17.7428,532,1,0.0466,-0.5860,0.00550,TRACKING,0.000000,rad (Δpan per frame)
20261007_123156_B_2,17.7762,533,1,0.0455,-0.5870,0.00542,TRACKING,0.000000,rad (Δpan per frame)
20261007_123156_B_2,17.8095,534,1,0.0467,-0.5811,0.00518,TRACKING,0.000000,rad (Δpan per frame)
20261007_123156_B_2,17.8430,535,1,0.0468,-0.5850,0.00531,TRACKING,0.000000,rad (Δpan per frame)
